recence,frequence,montant_total,total_sessions,wilaya_Alger,wilaya_Bejaea,wilaya_Blida,wilaya_Constantine,wilaya_Ghardaia,wilaya_Oran,wilaya_Setif,wilaya_Tlemcen,appareil_Android,appareil_Web,appareil_iOS,churn
0.658307210031348,0.07142857142857142,0.03936796722404065,0.3058252427184466,0,0,0,0,0,1,0,0,1,0,0,1
0.009404388714733543,0.7857142857142857,0.06940424026276862,0.10679611650485436,0,1,0,0,0,0,0,0,1,0,0,0
0.006269592476489028,0.21428571428571427,0.02089618659243491,0.05825242718446602,0,0,0,0,0,1,0,0,0,1,0,0
0.012539184952978056,0.2857142857142857,0.05570123170064194,0.20388349514563106,0,0,0,0,0,1,0,0,0,1,0,0
0.3134796238244514,0.14285714285714285,0.06682270526847399,0.30097087378640774,1,0,0,0,0,0,0,0,1,0,0,1
0.07836990595611285,0.2857142857142857,0.04356728304477824,0.0970873786407767,0,1,0,0,0,0,0,0,1,0,0,0
0.2946708463949843,0.0,0.031242028687072966,0.2669902912621359,1,0,0,0,0,0,0,0,0,1,0,1
0.0,0.2857142857142857,0.08468341822165666,0.2621359223300971,0,0,1,0,0,0,0,0,1,0,0,0
0.018808777429467086,0.5,0.32955741167985664,0.7087378640776698,0,0,0,0,0,0,1,0,1,0,0,0
0.21316614420062696,0.07142857142857142,0.01183727844614604,0.05339805825242719,0,0,1,0,0,0,0,0,0,0,1,1
0.01567398119122257,1.0,0.10887334347419285,0.10679611650485436,0,0,0,1,0,0,0,0,1,0,0,0
0.3887147335423197,0.14285714285714285,0.034400872896737975,0.10194174757281553,0,0,0,0,0,1,0,0,1,0,0,1
0.31974921630094044,0.0,0.001512160748647007,0.07281553398058252,0,0,0,0,0,1,0,0,0,0,1,1
0.23197492163009403,0.0,0.031404919660550173,0.2669902912621359,0,0,0,0,0,0,1,0,1,0,0,1
0.1536050156739812,0.14285714285714285,0.10439798890636032,0.45631067961165045,0,0,0,0,0,1,0,0,0,0,1,1
0.21003134796238243,0.07142857142857142,0.002614828784765728,0.024271844660194174,0,0,0,0,0,0,1,0,0,1,0,1
0.0,0.4285714285714286,0.35107602719533454,0.7087378640776698,0,0,0,0,0,0,0,1,0,1,0,0
0.04702194357366771,0.3571428571428571,0.07363132027025636,0.2524271844660194,0,0,0,0,0,1,0,0,1,0,0,0
0.01567398119122257,0.3571428571428571,0.20986879063547206,0.3932038834951456,0,0,0,0,0,0,1,0,1,0,0,0
0.06896551724137931,0.7142857142857143,0.312099988060238,0.3883495145631068,0,0,0,0,0,1,0,0,0,0,1,0
0.16300940438871472,0.2857142857142857,0.01517225679786364,0.07281553398058252,0,0,0,0,1,0,0,0,0,1,0,1
0.16614420062695925,0.5714285714285714,0.07609215656148237,0.10194174757281553,0,0,0,1,0,0,0,0,0,0,1,1
0.5391849529780564,0.0,0.005229796971305933,0.04854368932038834,0,1,0,0,0,0,0,0,0,1,0,1
0.2476489028213166,0.14285714285714285,0.05026186739503784,0.17475728155339804,0,0,0,0,0,1,0,0,0,1,0,1
0.05956112852664577,0.9285714285714286,0.6835969347315548,0.9708737864077669,0,0,0,1,0,0,0,0,0,1,0,0
0.025078369905956112,0.4285714285714286,0.21187968446594216,0.41262135922330095,0,0,0,1,0,0,0,0,0,0,1,0
0.01567398119122257,0.6428571428571428,0.1534317266682495,0.30097087378640774,0,0,0,0,0,0,1,0,0,1,0,0
0.07210031347962383,0.5714285714285714,0.3152841569255998,0.645631067961165,0,1,0,0,0,0,0,0,0,1,0,0
0.3887147335423197,0.14285714285714285,0.04092652552995966,0.18932038834951456,1,0,0,0,0,0,0,0,1,0,0,1
0.14106583072100312,0.14285714285714285,0.0012965294371590625,0.0,0,0,0,0,0,0,0,1,0,0,1,1
0.01567398119122257,0.9285714285714286,0.3171023045692254,0.3349514563106796,0,0,0,0,0,1,0,0,1,0,0,0
0.554858934169279,0.14285714285714285,0.05440607304759857,0.28640776699029125,0,0,0,0,0,0,0,1,1,0,0,1
0.08150470219435736,0.7142857142857143,0.8235353131064921,1.0,0,0,0,0,1,0,0,0,0,0,1,0
0.003134796238244514,0.5714285714285714,0.2642635256720797,0.48543689320388345,0,0,0,0,1,0,0,0,1,0,0,0
0.21003134796238243,0.07142857142857142,0.025809402133901958,0.2621359223300971,0,0,0,1,0,0,0,0,1,0,0,1
0.028213166144200625,0.21428571428571427,0.1451864602123289,0.645631067961165,0,0,0,0,0,0,1,0,0,1,0,0
0.39811912225705326,0.14285714285714285,0.03708352064478711,0.13106796116504854,0,0,1,0,0,0,0,0,0,1,0,1
0.7115987460815046,0.0,0.0005967789965390953,0.0,0,0,0,0,0,0,0,1,1,0,0,1
0.003134796238244514,0.7142857142857143,0.15293615335998123,0.2669902912621359,0,0,0,0,1,0,0,0,1,0,0,0
0.16927899686520376,0.0,7.918020790334178e-05,0.0,0,0,0,0,0,1,0,0,1,0,0,1
0.3887147335423197,0.14285714285714285,0.04866246436919686,0.4757281553398058,0,0,0,1,0,0,0,0,0,1,0,1
0.3730407523510972,0.14285714285714285,0.04919446800786198,0.2669902912621359,0,0,0,0,0,1,0,0,0,0,1,1
0.21003134796238243,0.5714285714285714,0.30502983209590634,0.44174757281553395,0,0,0,0,1,0,0,0,0,1,0,1
0.07523510971786834,0.21428571428571427,0.06279074127799689,0.20388349514563106,1,0,0,0,0,0,0,0,0,1,0,0
0.05956112852664577,1.0,0.10979537004421754,0.1116504854368932,0,0,0,0,0,0,1,0,0,1,0,0
0.028213166144200625,0.4285714285714286,0.05311937143554019,0.13106796116504854,0,0,0,0,0,1,0,0,0,0,1,0
0.03134796238244514,0.7857142857142857,0.2664269018101994,0.3398058252427184,0,0,0,1,0,0,0,0,0,0,1,0
0.025078369905956112,0.5,0.039173896720338594,0.07281553398058252,0,0,0,0,0,0,1,0,0,1,0,0
0.06269592476489028,0.5714285714285714,0.1562431119550288,0.2378640776699029,0,0,0,0,0,1,0,0,0,1,0,0
0.009404388714733543,0.3571428571428571,0.05201637812861436,0.11650485436893204,0,1,0,0,0,0,0,0,1,0,0,0
0.034482758620689655,1.0,0.2590612605512332,0.2961165048543689,0,0,0,1,0,0,0,0,0,1,0,0
0.3824451410658307,0.0,0.01787047107739612,0.3689320388349514,1,0,0,0,0,0,0,0,0,1,0,1
0.025078369905956112,0.9285714285714286,0.4319879536421257,0.5194174757281553,0,0,0,0,1,0,0,0,1,0,0,0
0.1974921630094044,0.0,0.0011700455604496164,0.029126213592233007,0,0,0,0,0,0,0,1,0,0,1,1
0.0,0.7142857142857143,0.08419860208365225,0.09223300970873786,1,0,0,0,0,0,0,0,1,0,0,0
0.8495297805642633,0.0,0.0016544202595015147,0.10679611650485436,0,0,0,0,0,1,0,0,1,0,0,1
0.08463949843260188,0.7142857142857143,0.19358322479937123,0.37378640776699024,0,0,0,0,0,1,0,0,0,1,0,0
0.07836990595611285,0.4285714285714286,0.0645255498941139,0.11650485436893204,0,0,0,1,0,0,0,0,0,1,0,0
0.4043887147335423,0.07142857142857142,0.013494649376540666,0.09223300970873786,0,0,0,1,0,0,0,0,0,0,1,1
0.27899686520376177,0.21428571428571427,0.053130058904916816,0.1407766990291262,0,0,1,0,0,0,0,0,1,0,0,1
0.0438871473354232,0.5714285714285714,0.31505017104713895,0.41262135922330095,0,1,0,0,0,0,0,0,0,1,0,0
0.009404388714733543,0.6428571428571428,0.06920503512703996,0.12135922330097088,0,0,1,0,0,0,0,0,0,1,0,0
0.1347962382445141,0.7142857142857143,0.5260974410504166,0.6553398058252426,0,0,0,0,0,0,0,1,0,0,1,1
0.14420062695924765,0.5,0.29825079350394235,0.6990291262135921,0,0,0,0,1,0,0,0,1,0,0,1
0.10971786833855798,0.14285714285714285,0.03932328895532054,0.3349514563106796,0,1,0,0,0,0,0,0,1,0,0,1
0.5297805642633229,0.07142857142857142,0.006991208092719094,0.06310679611650485,1,0,0,0,0,0,0,0,0,1,0,1
0.1536050156739812,0.6428571428571428,0.24775988899343765,0.35922330097087374,0,1,0,0,0,0,0,0,0,1,0,1
0.21943573667711597,0.14285714285714285,0.0065722360595263235,0.09223300970873786,1,0,0,0,0,0,0,0,1,0,0,1
0.7899686520376176,0.07142857142857142,0.034173276266274026,0.2912621359223301,1,0,0,0,0,0,0,0,1,0,0,1
0.0,0.6428571428571428,0.11463516731779298,0.16019417475728154,1,0,0,0,0,0,0,0,0,0,1,0
0.14106583072100312,0.14285714285714285,0.004124085329777783,0.024271844660194174,0,1,0,0,0,0,0,0,0,0,1,1
0.1786833855799373,0.07142857142857142,0.03919278566078033,0.3058252427184466,0,1,0,0,0,0,0,0,0,1,0,1
0.1755485893416928,0.0,0.002245158512479909,0.05825242718446602,0,0,0,0,1,0,0,0,1,0,0,1
0.36363636363636365,0.14285714285714285,0.10797364442171369,0.44174757281553395,0,0,1,0,0,0,0,0,1,0,0,1
0.03761755485893417,0.5,0.0350946290610554,0.04368932038834951,0,0,0,0,0,1,0,0,0,1,0,0
0.06269592476489028,0.7857142857142857,0.3395265901798559,0.5048543689320388,0,0,0,0,0,0,0,1,0,0,1,0
0.025078369905956112,1.0,0.39666830688343424,0.3203883495145631,0,0,0,0,1,0,0,0,0,1,0,0
0.003134796238244514,0.8571428571428571,0.06090066231874081,0.06310679611650485,0,0,0,0,0,1,0,0,1,0,0,0
0.04702194357366771,0.5,0.2623599479743284,0.6407766990291262,0,0,0,0,0,0,0,1,1,0,0,0
0.03761755485893417,0.8571428571428571,0.07102315953703647,0.0970873786407767,0,1,0,0,0,0,0,0,1,0,0,0
0.16927899686520376,0.2857142857142857,0.19913427315996104,0.5097087378640777,0,0,0,0,1,0,0,0,1,0,0,1
0.009404388714733543,0.14285714285714285,0.03793735651346311,0.3252427184466019,0,0,0,1,0,0,0,0,0,0,1,0
0.050156739811912224,1.0,0.5502207554883815,0.7184466019417475,0,1,0,0,0,0,0,0,1,0,0,0
0.21630094043887146,0.14285714285714285,0.07252472575082318,0.5194174757281553,0,0,0,0,0,1,0,0,1,0,0,1
0.7304075235109717,0.07142857142857142,0.01439760113709098,0.08252427184466019,1,0,0,0,0,0,0,0,1,0,0,1
0.05642633228840125,0.7857142857142857,0.18640373137659091,0.1941747572815534,0,0,0,1,0,0,0,0,0,0,1,0
0.034482758620689655,0.9285714285714286,0.5862296278537198,0.7572815533980581,0,0,0,0,1,0,0,0,1,0,0,0
0.27899686520376177,0.0,0.02276681900415136,0.1941747572815534,1,0,0,0,0,0,0,0,1,0,0,1
0.07836990595611285,0.21428571428571427,0.13856592143794605,0.45631067961165045,1,0,0,0,0,0,0,0,0,0,1,0
0.2664576802507837,0.4285714285714286,0.03168785879548178,0.10194174757281553,0,0,0,0,1,0,0,0,0,0,1,1
0.0,0.8571428571428571,0.5333979119798145,0.6650485436893203,0,0,0,0,1,0,0,0,1,0,0,0
0.16300940438871472,0.14285714285714285,0.029944128465798206,0.15048543689320387,0,0,0,0,0,0,1,0,1,0,0,1
0.009404388714733543,0.8571428571428571,0.1321151043239898,0.15048543689320387,1,0,0,0,0,0,0,0,0,1,0,0
0.034482758620689655,0.9285714285714286,0.6150492486720645,0.5097087378640777,1,0,0,0,0,0,0,0,1,0,0,0
0.1128526645768025,0.6428571428571428,0.11366472186476638,0.19902912621359223,0,0,0,0,1,0,0,0,0,1,0,1
0.22884012539184953,0.07142857142857142,0.06949496758432454,0.4805825242718446,0,0,0,1,0,0,0,0,1,0,0,1
0.01567398119122257,0.14285714285714285,0.10531894672944733,0.587378640776699,0,0,0,0,0,1,0,0,1,0,0,0
0.14420062695924765,0.0,0.005478931175926689,0.04368932038834951,0,0,0,0,0,1,0,0,0,1,0,1
0.0219435736677116,0.7142857142857143,0.07477957268662928,0.09223300970873786,0,0,1,0,0,0,0,0,1,0,0,0
0.06269592476489028,1.0,0.20786498306187123,0.2087378640776699,0,1,0,0,0,0,0,0,0,1,0,0
0.08463949843260188,0.7142857142857143,0.8556760650336229,0.9126213592233009,1,0,0,0,0,0,0,0,0,1,0,0
0.003134796238244514,0.5714285714285714,0.027837465616261905,0.038834951456310676,0,0,1,0,0,0,0,0,0,1,0,0
0.47648902821316613,0.14285714285714285,0.08727015754886513,0.24271844660194175,0,0,0,0,0,0,0,1,0,0,1,1
0.018808777429467086,0.2857142857142857,0.17875415193664265,0.35922330097087374,0,0,0,0,0,0,0,1,1,0,0,0
0.21316614420062696,0.7142857142857143,0.0998254713017168,0.13592233009708737,0,0,1,0,0,0,0,0,1,0,0,1
0.04702194357366771,0.14285714285714285,0.275821024756849,0.9854368932038834,0,0,0,0,0,0,1,0,0,0,1,0
0.003134796238244514,0.9285714285714286,0.2861707933348015,0.2524271844660194,0,0,0,0,0,1,0,0,1,0,0,0
0.29780564263322884,0.7857142857142857,0.09742230087786641,0.1116504854368932,0,0,0,0,0,1,0,0,1,0,0,1
0.03761755485893417,0.2857142857142857,0.34834261396774646,0.8300970873786407,0,1,0,0,0,0,0,0,0,1,0,0
0.06896551724137931,1.0,0.10602455204459536,0.10194174757281553,0,0,0,1,0,0,0,0,0,0,1,0
0.14420062695924765,0.14285714285714285,0.012484683520449624,0.05825242718446602,0,1,0,0,0,0,0,0,0,0,1,1
0.11598746081504702,0.21428571428571427,0.025277305560720522,0.08252427184466019,0,0,0,1,0,0,0,0,0,0,1,1
0.10344827586206896,0.6428571428571428,0.46703139901831875,0.7572815533980581,0,0,0,0,0,0,1,0,0,1,0,1
0.445141065830721,0.14285714285714285,0.11248886789704686,0.47087378640776695,1,0,0,0,0,0,0,0,0,1,0,1
0.05956112852664577,0.5,0.07862074211510454,0.20388349514563106,0,0,0,0,0,0,1,0,0,1,0,0
0.23824451410658307,0.07142857142857142,0.0018417297771414036,0.0,0,0,0,1,0,0,0,0,0,0,1,1
0.0,0.21428571428571427,0.0407155874115458,0.22815533980582522,0,0,0,0,0,1,0,0,0,1,0,0
0.009404388714733543,0.4285714285714286,0.39685728922236785,0.8543689320388349,0,0,0,1,0,0,0,0,0,0,1,0
0.2476489028213166,0.14285714285714285,0.02506876050610186,0.27184466019417475,0,1,0,0,0,0,0,0,0,1,0,1
0.16614420062695925,0.14285714285714285,0.09576767151570317,0.4320388349514563,0,1,0,0,0,0,0,0,0,1,0,1
0.2884012539184953,0.14285714285714285,0.03281619999173348,0.17475728155339804,0,0,0,0,0,0,1,0,0,1,0,1
0.3855799373040752,0.0,0.015364213041319453,0.3203883495145631,0,0,0,0,0,0,1,0,1,0,0,1
0.23197492163009403,0.0,0.0008167085294067695,0.0,0,0,1,0,0,0,0,0,0,0,1,1
0.03134796238244514,0.7142857142857143,0.06780604538563978,0.0970873786407767,1,0,0,0,0,0,0,0,0,0,1,0
0.006269592476489028,0.7857142857142857,0.19963588721179004,0.2378640776699029,0,0,0,0,0,0,1,0,1,0,0,0
0.0877742946708464,0.6428571428571428,0.11820489825773106,0.16504854368932037,0,0,1,0,0,0,0,0,0,1,0,0
0.10344827586206896,0.0,0.0008085302919707435,0.0,0,0,0,0,0,1,0,0,1,0,0,1
0.0219435736677116,0.7142857142857143,0.12641601127890464,0.13106796116504854,1,0,0,0,0,0,0,0,0,0,1,0
0.12225705329153605,1.0,0.3365575647197714,0.4029126213592233,0,0,0,1,0,0,0,0,0,0,1,1
0.003134796238244514,0.7142857142857143,0.21340055782549402,0.2524271844660194,1,0,0,0,0,0,0,0,0,0,1,0
0.19435736677115986,0.5,0.1195955006590335,0.3252427184466019,1,0,0,0,0,0,0,0,0,0,1,1
0.14420062695924765,0.14285714285714285,0.01730942540238148,0.1262135922330097,0,1,0,0,0,0,0,0,0,1,0,1
0.0219435736677116,0.6428571428571428,0.06628426591455382,0.10194174757281553,0,0,0,0,0,0,0,1,0,1,0,0
0.4231974921630094,0.07142857142857142,0.012781655767345315,0.05825242718446602,0,0,0,1,0,0,0,0,1,0,0,1
0.0219435736677116,0.8571428571428571,0.21888141739263434,0.2233009708737864,0,0,0,1,0,0,0,0,0,0,1,0
0.12852664576802508,0.07142857142857142,0.000987522170400129,0.0,0,0,0,1,0,0,0,0,0,1,0,1
0.4670846394984326,0.0,0.003373708811393326,0.029126213592233007,0,0,1,0,0,0,0,0,0,1,0,1
0.0,0.7142857142857143,0.2270612811826958,0.31553398058252424,0,0,0,0,0,0,1,0,1,0,0,0
0.03134796238244514,0.9285714285714286,0.05465720534432018,0.04854368932038834,0,0,1,0,0,0,0,0,1,0,0,0
0.16927899686520376,0.5714285714285714,0.42178941275585247,0.6067961165048543,0,1,0,0,0,0,0,0,1,0,0,1
0.05642633228840125,1.0,0.7185036269669851,0.7135922330097086,0,0,0,0,0,0,0,1,0,0,1,0
0.04075235109717868,0.5714285714285714,0.1357793264333947,0.2912621359223301,0,1,0,0,0,0,0,0,1,0,0,0
0.08150470219435736,1.0,0.09850617290805971,0.07766990291262135,0,0,1,0,0,0,0,0,0,0,1,0
0.09090909090909091,0.4285714285714286,0.051134243699719376,0.10679611650485436,0,0,0,0,0,1,0,0,0,0,1,0
0.003134796238244514,0.5,0.18542503798524104,0.2766990291262136,0,0,1,0,0,0,0,0,0,1,0,0
0.12539184952978055,0.6428571428571428,0.2928673060762747,0.36407766990291257,0,0,0,0,0,0,0,1,1,0,0,1
0.14420062695924765,0.07142857142857142,0.016460515063070356,0.0970873786407767,0,0,0,0,0,0,1,0,1,0,0,1
0.034482758620689655,0.6428571428571428,0.3685232280181582,0.6601941747572815,0,0,0,0,0,0,1,0,1,0,0,0
0.16927899686520376,0.0,0.002422082597921208,0.014563106796116502,0,0,1,0,0,0,0,0,0,0,1,1
0.29780564263322884,0.14285714285714285,0.07377903968394457,0.2621359223300971,0,0,1,0,0,0,0,0,0,1,0,1
0.06896551724137931,0.7857142857142857,0.38255043864046184,0.3932038834951456,0,0,0,0,0,1,0,0,0,0,1,0
1.0,0.0,0.0048438631586643814,0.03398058252427184,0,1,0,0,0,0,0,0,0,0,1,1
0.14733542319749215,0.14285714285714285,0.0018338768105124923,0.0,0,0,1,0,0,0,0,0,1,0,0,1
0.2476489028213166,0.3571428571428571,0.14057405046655566,0.30097087378640774,0,1,0,0,0,0,0,0,0,0,1,1
0.0,0.4285714285714286,0.22060307577469226,0.6796116504854368,0,0,0,0,0,1,0,0,0,1,0,0
0.03134796238244514,0.5714285714285714,0.06317846408007757,0.1262135922330097,0,0,0,0,0,0,0,1,0,1,0,0
0.01567398119122257,0.14285714285714285,0.024261577764617733,0.24271844660194175,0,0,0,0,0,0,1,0,0,1,0,0
0.08463949843260188,0.6428571428571428,0.2983106897997096,0.5097087378640777,0,0,1,0,0,0,0,0,0,0,1,0
0.028213166144200625,0.7142857142857143,0.22982745382728617,0.31553398058252424,0,0,0,0,0,0,1,0,0,1,0,0
0.04075235109717868,0.5714285714285714,0.18672867691289846,0.2524271844660194,0,1,0,0,0,0,0,0,0,0,1,0
0.0,0.6428571428571428,0.26516280651923546,0.6116504854368932,0,0,0,1,0,0,0,0,0,1,0,0
0.36990595611285265,0.14285714285714285,0.09469130394770257,0.42718446601941745,0,0,0,0,0,0,1,0,0,0,1,1
0.34796238244514105,0.14285714285714285,0.050126461804761824,0.27184466019417475,1,0,0,0,0,0,0,0,0,0,1,1
0.0219435736677116,0.2857142857142857,0.06736209720118642,0.22815533980582522,0,1,0,0,0,0,0,0,0,0,1,0
0.003134796238244514,0.7142857142857143,0.6981660000512534,0.8883495145631067,0,0,0,0,0,0,0,1,0,0,1,0
0.3166144200626959,0.2857142857142857,0.11536986113654871,0.31553398058252424,0,0,0,0,1,0,0,0,0,1,0,1
0.009404388714733543,1.0,0.33970026155722605,0.37378640776699024,0,0,0,0,1,0,0,0,0,1,0,0
0.08463949843260188,0.2857142857142857,0.09943672621995661,0.22815533980582522,0,0,0,0,0,1,0,0,0,0,1,0
0.21630094043887146,0.5,0.17270234916849977,0.616504854368932,0,0,0,0,0,0,0,1,1,0,0,1
0.034482758620689655,0.5,0.14756421304596617,0.30097087378640774,0,0,0,0,0,0,1,0,1,0,0,0
0.26018808777429464,0.07142857142857142,0.009262062998961061,0.06310679611650485,0,0,0,1,0,0,0,0,1,0,0,1
0.1567398119122257,0.07142857142857142,0.0008034188935732273,0.0,0,1,0,0,0,0,0,0,0,0,1,1
0.23824451410658307,0.21428571428571427,0.2726642483401721,0.7378640776699028,0,0,0,0,0,1,0,0,0,0,1,1
0.34169278996865204,0.14285714285714285,0.05590080857443586,0.2669902912621359,0,1,0,0,0,0,0,0,0,1,0,1
0.01567398119122257,0.3571428571428571,0.2173275522797894,0.6116504854368932,0,0,0,0,1,0,0,0,0,0,1,0
0.006269592476489028,0.7857142857142857,0.15895147933046908,0.20388349514563106,0,0,0,1,0,0,0,0,0,1,0,0
0.03134796238244514,0.21428571428571427,0.01313694442323085,0.04854368932038834,0,0,0,0,0,1,0,0,0,0,1,0
0.05329153605015674,0.5,0.21528894072982732,0.37864077669902907,0,0,0,1,0,0,0,0,0,1,0,0
0.03761755485893417,0.7857142857142857,0.15037576096814906,0.1941747572815534,0,0,0,0,1,0,0,0,1,0,0,0
0.19122257053291536,0.14285714285714285,0.1829399225516268,0.7087378640776698,0,1,0,0,0,0,0,0,1,0,0,1
0.2037617554858934,0.5,0.059519562471731936,0.13106796116504854,0,0,0,1,0,0,0,0,0,0,1,1
0.050156739811912224,0.7857142857142857,0.16059191294526468,0.19902912621359223,0,0,0,0,0,0,0,1,0,0,1,0
0.45768025078369906,0.21428571428571427,0.134577450801106,0.5533980582524272,0,0,1,0,0,0,0,0,0,1,0,1
0.3072100313479624,0.14285714285714285,0.10327603695810551,0.4466019417475728,0,0,0,1,0,0,0,0,0,1,0,1
0.12225705329153605,0.21428571428571427,0.19370936017164447,0.6601941747572815,0,0,0,0,1,0,0,0,0,0,1,1
0.003134796238244514,0.7142857142857143,0.24757392702628436,0.3106796116504854,0,0,0,0,0,0,1,0,0,1,0,0
0.05329153605015674,0.6428571428571428,0.3548895950724632,0.5631067961165048,0,1,0,0,0,0,0,0,0,0,1,0
0.15987460815047022,0.7857142857142857,0.10650325773815184,0.13106796116504854,0,0,0,0,0,1,0,0,0,1,0,1
0.028213166144200625,0.9285714285714286,0.101716456372507,0.1116504854368932,0,1,0,0,0,0,0,0,0,0,1,0
0.0438871473354232,0.5,0.337982947863806,0.5436893203883495,0,0,0,0,0,0,0,1,0,1,0,0
0.06269592476489028,0.2857142857142857,0.017041262855544515,0.038834951456310676,0,0,0,1,0,0,0,0,1,0,0,0
0.003134796238244514,1.0,0.42322462372498776,0.39805825242718446,0,0,1,0,0,0,0,0,0,1,0,0
0.16300940438871472,0.14285714285714285,0.028997729818869,0.12135922330097088,0,1,0,0,0,0,0,0,1,0,0,1
0.5736677115987461,0.0,0.00495677859599133,0.12135922330097088,0,0,1,0,0,0,0,0,0,0,1,1
0.7272727272727273,0.2857142857142857,0.038107287276551445,0.15048543689320387,0,0,0,0,1,0,0,0,0,0,1,1
0.0438871473354232,0.14285714285714285,0.02724837695094816,0.15048543689320387,0,1,0,0,0,0,0,0,0,0,1,0
0.08463949843260188,1.0,0.4557415281069176,0.4611650485436893,1,0,0,0,0,0,0,0,0,1,0,0
0.006269592476489028,0.8571428571428571,0.27682199919848627,0.30097087378640774,0,0,0,0,1,0,0,0,1,0,0,0
0.23510971786833854,0.0,0.021536528643498292,0.38349514563106796,0,0,0,0,0,0,1,0,0,0,1,1
0.16927899686520376,0.07142857142857142,0.03798168627774702,0.39805825242718446,0,1,0,0,0,0,0,0,0,0,1,1
0.0438871473354232,0.5,0.22065988199779193,0.37378640776699024,0,0,0,0,0,0,1,0,0,0,1,0
0.17241379310344826,0.14285714285714285,0.09229122359651977,0.30097087378640774,1,0,0,0,0,0,0,0,0,0,1,1
0.2006269592476489,0.5714285714285714,0.07076229234973051,0.08737864077669902,0,0,1,0,0,0,0,0,0,1,0,1
0.14733542319749215,0.14285714285714285,0.022299265452553108,0.1844660194174757,0,0,0,0,1,0,0,0,1,0,0,1
0.5830721003134796,0.14285714285714285,0.014265819992951382,0.10679611650485436,1,0,0,0,0,0,0,0,0,0,1,1
0.05642633228840125,0.5714285714285714,0.2510481677507052,0.4514563106796116,1,0,0,0,0,0,0,0,1,0,0,0
0.0219435736677116,0.3571428571428571,0.3435446139928852,0.9854368932038834,0,0,1,0,0,0,0,0,1,0,0,0
0.44200626959247646,0.07142857142857142,0.030443000949395786,0.25728155339805825,0,0,0,1,0,0,0,0,1,0,0,1
0.34796238244514105,0.0,0.001484117758347907,0.1553398058252427,0,0,1,0,0,0,0,0,0,0,1,1
0.04075235109717868,0.5714285714285714,0.05791023868627396,0.08252427184466019,0,0,0,0,1,0,0,0,0,0,1,0
0.003134796238244514,0.9285714285714286,0.5026124473377851,0.5388349514563107,0,0,1,0,0,0,0,0,0,0,1,0
0.0438871473354232,0.4285714285714286,0.17829716968627563,0.5,0,0,0,0,0,0,1,0,1,0,0,0
0.12539184952978055,0.21428571428571427,0.15625061641722152,0.6504854368932038,1,0,0,0,0,0,0,0,0,1,0,1
0.44200626959247646,0.14285714285714285,0.11317813997095191,0.4611650485436893,1,0,0,0,0,0,0,0,0,0,1,1
0.012539184952978056,0.9285714285714286,0.24577843217101142,0.2815533980582524,0,0,0,0,0,1,0,0,0,1,0,0
0.006269592476489028,0.6428571428571428,0.042049848262330165,0.05825242718446602,1,0,0,0,0,0,0,0,1,0,0,0
0.050156739811912224,0.6428571428571428,0.0861732049855,0.1699029126213592,1,0,0,0,0,0,0,0,0,1,0,0
0.06896551724137931,0.14285714285714285,0.011330436827774149,0.06310679611650485,0,1,0,0,0,0,0,0,1,0,0,0
0.009404388714733543,0.9285714285714286,0.15075367917875812,0.17475728155339804,0,0,0,0,0,1,0,0,0,1,0,0
0.018808777429467086,0.8571428571428571,0.08928460612458443,0.08737864077669902,0,0,0,0,1,0,0,0,0,1,0,0
0.17241379310344826,0.21428571428571427,0.04962896010527994,0.1407766990291262,0,0,0,0,0,0,0,1,1,0,0,1
0.18495297805642633,0.3571428571428571,0.37423289236447455,0.7864077669902912,0,0,0,0,0,1,0,0,1,0,0,1
0.012539184952978056,0.21428571428571427,0.09190535948476546,0.37864077669902907,0,0,0,0,0,1,0,0,0,1,0,0
0.0,0.3571428571428571,0.025659824029887368,0.07766990291262135,0,0,0,0,0,0,1,0,0,1,0,0
0.028213166144200625,0.7142857142857143,0.11878160339874536,0.1407766990291262,0,0,1,0,0,0,0,0,0,1,0,0
0.30094043887147337,0.0,0.0011999240074460065,0.0970873786407767,0,0,0,0,0,1,0,0,0,1,0,1
0.18495297805642633,0.07142857142857142,0.0840282298816114,0.6116504854368932,0,1,0,0,0,0,0,0,1,0,0,1
0.009404388714733543,0.7857142857142857,0.0891615143577206,0.11650485436893204,0,0,0,0,0,1,0,0,0,1,0,0
0.01567398119122257,1.0,0.05974230327371824,0.05825242718446602,0,0,0,0,0,0,0,1,0,1,0,0
0.16614420062695925,0.14285714285714285,0.03464375725513631,0.1262135922330097,0,0,0,0,0,0,0,1,1,0,0,1
0.3949843260188088,0.07142857142857142,0.008700180913299554,0.10194174757281553,0,0,0,0,0,0,0,1,1,0,0,1
0.15047021943573669,0.07142857142857142,0.0368743482821833,0.2669902912621359,0,0,0,0,1,0,0,0,1,0,0,1
0.3385579937304075,0.4285714285714286,0.04155413555228741,0.09223300970873786,0,0,0,0,0,0,0,1,0,1,0,1
0.18808777429467083,0.14285714285714285,0.016735740633147526,0.13592233009708737,0,0,0,1,0,0,0,0,0,0,1,1
0.15987460815047022,0.07142857142857142,0.010040738077564495,0.08737864077669902,0,0,0,0,0,0,1,0,0,1,0,1
0.34169278996865204,0.14285714285714285,0.06435489888852408,0.558252427184466,0,0,0,0,1,0,0,0,0,0,1,1
0.13793103448275862,0.9285714285714286,0.15540356476823677,0.13592233009708737,0,0,0,0,0,0,1,0,0,0,1,1
0.10658307210031348,0.6428571428571428,0.08037764591247626,0.16019417475728154,0,0,0,0,0,1,0,0,0,0,1,1
0.3322884012539185,0.07142857142857142,0.02047135968471408,0.10194174757281553,0,1,0,0,0,0,0,0,0,0,1,1
0.1536050156739812,0.14285714285714285,0.03725428781852231,0.1844660194174757,0,0,1,0,0,0,0,0,0,0,1,1
0.0,0.5714285714285714,0.02001014891385456,0.019417475728155338,0,0,0,0,1,0,0,0,0,0,1,0
0.1567398119122257,0.14285714285714285,0.03220311098758049,0.0970873786407767,0,0,0,0,1,0,0,0,1,0,0,1
0.003134796238244514,0.5,0.06534583640239892,0.13592233009708737,0,0,0,0,0,0,1,0,0,0,1,0
0.034482758620689655,0.14285714285714285,0.05263504320374645,0.3495145631067961,0,0,0,0,0,0,1,0,0,1,0,0
0.0,0.8571428571428571,0.04093170662924441,0.038834951456310676,0,1,0,0,0,0,0,0,1,0,0,0
0.15047021943573669,0.14285714285714285,0.03542152622220564,0.21359223300970873,0,0,1,0,0,0,0,0,0,0,1,1
0.09404388714733541,0.7857142857142857,0.6673894106555324,0.8592233009708737,0,1,0,0,0,0,0,0,0,1,0,0
0.07523510971786834,0.2857142857142857,0.06639093150565835,0.17961165048543687,0,0,0,0,1,0,0,0,0,0,1,0
0.11598746081504702,0.14285714285714285,0.0018904739309504445,0.0,0,0,0,0,0,1,0,0,0,0,1,1
0.16300940438871472,0.14285714285714285,0.02979252903605369,0.12135922330097088,0,0,1,0,0,0,0,0,0,1,0,1
0.25391849529780564,0.14285714285714285,0.0342589154230615,0.20388349514563106,0,0,0,0,0,0,1,0,0,1,0,1
0.09404388714733541,0.21428571428571427,0.11341003482279559,0.44174757281553395,0,0,0,0,0,0,0,1,0,0,1,0
0.225705329153605,0.14285714285714285,0.09165315844110619,0.3349514563106796,0,0,0,0,0,0,0,1,0,0,1,1
0.018808777429467086,1.0,0.6316771155653953,0.6310679611650485,0,0,0,0,0,0,0,1,0,0,1,0
0.0438871473354232,1.0,0.3390443065074212,0.34466019417475724,0,0,0,0,0,0,1,0,0,0,1,0
0.018808777429467086,0.2857142857142857,0.06439860134482285,0.2087378640776699,0,1,0,0,0,0,0,0,1,0,0,0
0.0219435736677116,0.5,0.1851294597560901,0.3398058252427184,0,0,0,0,0,0,0,1,1,0,0,0
0.25705329153605017,0.14285714285714285,0.09417300815019444,0.4611650485436893,0,0,0,1,0,0,0,0,1,0,0,1
0.16614420062695925,0.14285714285714285,0.031486609100394115,0.17961165048543687,0,0,0,0,1,0,0,0,0,0,1,1
0.05956112852664577,0.5714285714285714,0.4499045202396158,0.674757281553398,0,0,0,0,0,0,1,0,1,0,0,0
0.1536050156739812,0.2857142857142857,0.04661209660292048,0.1116504854368932,0,0,0,0,0,0,1,0,1,0,0,1
0.39184952978056425,0.07142857142857142,0.011909279462663779,0.1262135922330097,0,0,0,1,0,0,0,0,0,0,1,1
0.11598746081504702,0.0,0.00030201394440596826,0.014563106796116502,0,0,0,1,0,0,0,0,0,0,1,1
0.0,0.8571428571428571,0.1281496349799386,0.13106796116504854,1,0,0,0,0,0,0,0,0,1,0,0
0.028213166144200625,0.4285714285714286,0.21337616251496044,0.48543689320388345,0,0,0,1,0,0,0,0,0,1,0,0
0.09404388714733541,0.4285714285714286,0.26565851922927824,0.5728155339805825,0,0,0,0,0,1,0,0,1,0,0,0
0.30407523510971785,0.21428571428571427,0.16532437085249227,0.6310679611650485,0,0,0,0,0,0,1,0,0,0,1,1
0.003134796238244514,1.0,0.5380790700340342,0.558252427184466,0,0,0,0,1,0,0,0,0,0,1,0
0.35423197492163006,0.0,0.0005373009060952705,0.0,1,0,0,0,0,0,0,0,0,0,1,1
0.23510971786833854,0.5,0.23294682410114492,0.4077669902912621,0,0,0,0,0,1,0,0,1,0,0,1
0.10344827586206896,0.3571428571428571,0.1368736768303029,0.4223300970873786,0,0,0,0,1,0,0,0,1,0,0,1
0.09090909090909091,0.6428571428571428,0.3790617465987535,0.8883495145631067,1,0,0,0,0,0,0,0,1,0,0,0
0.003134796238244514,0.6428571428571428,0.09676142029869664,0.13592233009708737,0,0,0,0,0,0,1,0,1,0,0,0
0.4482758620689655,0.0,0.0007379929940850201,0.0,0,0,0,0,0,1,0,0,0,1,0,1
0.09090909090909091,0.7857142857142857,0.4413722255300456,0.6601941747572815,0,1,0,0,0,0,0,0,0,1,0,0
0.36990595611285265,0.0,0.010003378402004468,0.2912621359223301,0,0,0,0,1,0,0,0,0,0,1,1
0.006269592476489028,0.7142857142857143,0.29741703149079113,0.4902912621359223,0,0,1,0,0,0,0,0,0,0,1,0
0.0,1.0,0.7519286177414919,0.6553398058252426,1,0,0,0,0,0,0,0,0,1,0,0
0.050156739811912224,0.7857142857142857,0.03608317351113503,0.04368932038834951,0,1,0,0,0,0,0,0,0,1,0,0
0.003134796238244514,1.0,0.13736846019518248,0.17961165048543687,0,0,0,0,0,0,1,0,0,1,0,0
0.04075235109717868,0.6428571428571428,0.027846062059021362,0.038834951456310676,0,0,0,1,0,0,0,0,1,0,0,0
0.18808777429467083,0.07142857142857142,0.02135007877013435,0.15048543689320387,0,0,0,0,0,1,0,0,1,0,0,1
0.09717868338557993,0.07142857142857142,0.0019023695490392092,0.0,0,0,1,0,0,0,0,0,0,0,1,1
0.21003134796238243,0.3571428571428571,0.22179268405082692,0.558252427184466,0,0,0,0,1,0,0,0,0,0,1,1
0.14420062695924765,0.07142857142857142,0.0018253268350111925,0.0,0,1,0,0,0,0,0,0,0,0,1,1
0.12225705329153605,0.5714285714285714,0.06380962884765451,0.08252427184466019,0,0,0,0,1,0,0,0,1,0,0,1
0.08463949843260188,0.3571428571428571,0.036509673240149594,0.09223300970873786,0,0,0,0,0,0,1,0,0,1,0,0
0.3103448275862069,0.14285714285714285,0.0384574180667813,0.1553398058252427,0,1,0,0,0,0,0,0,0,0,1,1
0.0219435736677116,0.5,0.11805378673419721,0.2233009708737864,0,1,0,0,0,0,0,0,0,1,0,0
0.018808777429467086,0.3571428571428571,0.0604877774963669,0.13106796116504854,0,0,0,0,0,0,1,0,1,0,0,0
0.01567398119122257,0.7857142857142857,0.06403350809746572,0.07766990291262135,1,0,0,0,0,0,0,0,1,0,0,0
0.03134796238244514,0.6428571428571428,0.37597797024464474,0.5048543689320388,0,0,0,0,0,0,1,0,0,0,1,0
0.012539184952978056,0.2857142857142857,0.026069874349513567,0.17961165048543687,0,0,0,0,1,0,0,0,0,1,0,0
0.034482758620689655,0.7142857142857143,0.18462761336797034,0.24271844660194175,0,0,1,0,0,0,0,0,0,0,1,0
0.03761755485893417,0.8571428571428571,0.6935721307414857,0.7815533980582524,0,0,0,0,1,0,0,0,0,0,1,0
0.14106583072100312,0.0,0.00966832623704728,0.07281553398058252,1,0,0,0,0,0,0,0,0,0,1,1
0.0438871473354232,0.8571428571428571,0.3156036657927027,0.529126213592233,0,0,0,0,0,0,1,0,1,0,0,0
0.15987460815047022,0.0,0.0057219781697285844,0.05825242718446602,0,1,0,0,0,0,0,0,0,1,0,1
0.13166144200626959,0.6428571428571428,0.25755237574428635,0.38349514563106796,1,0,0,0,0,0,0,0,0,1,0,1
0.27586206896551724,0.07142857142857142,0.0182546623678567,0.16504854368932037,1,0,0,0,0,0,0,0,1,0,0,1
0.3605015673981191,0.0,0.023973109025965184,0.21359223300970873,0,0,0,0,1,0,0,0,0,0,1,1
0.2946708463949843,0.14285714285714285,0.002884036844911274,0.009708737864077669,0,0,1,0,0,0,0,0,0,1,0,1
0.06269592476489028,0.8571428571428571,0.6346729293998087,0.762135922330097,0,0,0,0,0,1,0,0,0,0,1,0
0.06896551724137931,0.4285714285714286,0.0628217349391891,0.13106796116504854,0,0,1,0,0,0,0,0,0,0,1,0
0.3072100313479624,0.14285714285714285,0.035074694607305085,0.20388349514563106,0,0,0,0,0,1,0,0,1,0,0,1
0.16614420062695925,0.07142857142857142,0.02767850112609915,0.4174757281553398,0,0,1,0,0,0,0,0,0,1,0,1
0.0,0.4285714285714286,0.16662285191449402,0.37864077669902907,0,0,0,0,0,0,1,0,0,1,0,0
0.12539184952978055,0.6428571428571428,0.16262871227215855,0.2621359223300971,1,0,0,0,0,0,0,0,0,0,1,1
0.03134796238244514,0.4285714285714286,0.025883285074375144,0.038834951456310676,0,0,0,0,0,0,0,1,0,0,1,0
0.10344827586206896,0.2857142857142857,0.09474859807701293,0.3398058252427184,0,0,0,0,0,1,0,0,0,0,1,1
0.16927899686520376,0.14285714285714285,0.027515447517218385,0.16019417475728154,1,0,0,0,0,0,0,0,0,1,0,1
0.6959247648902821,0.0,0.016965010084905207,0.17475728155339804,0,0,0,0,1,0,0,0,0,0,1,1
0.14733542319749215,0.07142857142857142,0.0015527963659072608,0.0,0,1,0,0,0,0,0,0,0,1,0,1
0.01567398119122257,0.5,0.18986916655559055,0.4320388349514563,0,0,0,0,1,0,0,0,0,1,0,0
0.16614420062695925,0.14285714285714285,0.10536562309026828,0.4174757281553398,1,0,0,0,0,0,0,0,1,0,0,1
0.07836990595611285,0.7142857142857143,0.08961394281678803,0.10194174757281553,0,0,0,1,0,0,0,0,0,0,1,0
0.14420062695924765,0.14285714285714285,0.048052349269566065,0.5728155339805825,0,0,0,0,1,0,0,0,1,0,0,1
0.05329153605015674,0.4285714285714286,0.03820442707973333,0.1116504854368932,0,1,0,0,0,0,0,0,0,1,0,0
0.14420062695924765,0.14285714285714285,0.03087516968390578,0.1262135922330097,0,0,0,0,0,0,1,0,0,1,0,1
0.11598746081504702,0.07142857142857142,0.0011139595798514159,0.0,0,0,1,0,0,0,0,0,1,0,0,1
0.3824451410658307,0.0,0.0015474990984771077,0.0048543689320388345,0,0,0,0,0,1,0,0,0,0,1,1
0.050156739811912224,0.21428571428571427,0.044468422582260345,0.1699029126213592,0,0,0,1,0,0,0,0,0,0,1,0
0.3887147335423197,0.14285714285714285,0.02922706897151392,0.11650485436893204,0,0,0,0,0,0,1,0,0,0,1,1
0.7335423197492162,0.07142857142857142,0.0037874300444141022,0.024271844660194174,0,0,0,0,1,0,0,0,1,0,0,1
0.0,0.7142857142857143,0.43767461669565333,0.7135922330097086,0,0,0,1,0,0,0,0,0,0,1,0
0.2695924764890282,0.14285714285714285,0.0057629622914250325,0.024271844660194174,0,0,0,1,0,0,0,0,1,0,0,1
0.24137931034482757,0.14285714285714285,0.030760023818187186,0.1262135922330097,0,0,1,0,0,0,0,0,0,0,1,1
0.11912225705329153,0.5714285714285714,0.11280837676414977,0.16504854368932037,0,0,0,0,0,0,1,0,1,0,0,1
0.06269592476489028,0.7857142857142857,0.20530440480100642,0.22815533980582522,0,0,0,0,0,0,1,0,0,1,0,0
0.23824451410658307,0.7142857142857143,0.10000962104580187,0.16504854368932037,0,0,0,0,1,0,0,0,1,0,0,1
0.19435736677115986,0.14285714285714285,0.026044898198252973,0.1262135922330097,0,0,0,0,1,0,0,0,0,0,1,1
0.19435736677115986,0.3571428571428571,0.11716547215996706,0.2766990291262136,0,0,1,0,0,0,0,0,0,0,1,1
0.25391849529780564,0.21428571428571427,0.05823049102950743,0.2378640776699029,0,1,0,0,0,0,0,0,0,1,0,1
0.16614420062695925,0.14285714285714285,0.04483216827913086,0.2669902912621359,0,0,1,0,0,0,0,0,1,0,0,1
0.14106583072100312,0.14285714285714285,0.059988858545511156,0.2621359223300971,1,0,0,0,0,0,0,0,0,0,1,1
0.10031347962382445,0.7142857142857143,0.13004819421380873,0.1553398058252427,0,0,1,0,0,0,0,0,0,0,1,1
0.45141065830721,0.0,0.009136926672738233,0.1407766990291262,0,0,0,1,0,0,0,0,0,0,1,1
0.012539184952978056,0.5714285714285714,0.03220215840878822,0.08252427184466019,0,0,0,1,0,0,0,0,0,1,0,0
0.21630094043887146,0.07142857142857142,0.09453017873003543,0.5485436893203883,0,0,0,0,0,0,0,1,1,0,0,1
0.4231974921630094,0.14285714285714285,0.06618893833444013,0.2524271844660194,0,0,0,0,0,1,0,0,0,1,0,1
0.028213166144200625,0.7857142857142857,0.15141848624124235,0.1699029126213592,1,0,0,0,0,0,0,0,0,1,0,0
0.003134796238244514,0.3571428571428571,0.09730494781738525,0.20388349514563106,0,0,1,0,0,0,0,0,0,1,0,0
0.08150470219435736,0.3571428571428571,0.05344998597734317,0.13592233009708737,0,0,0,0,0,1,0,0,0,0,1,0
0.006269592476489028,0.7857142857142857,0.31460434093873013,0.33009708737864074,0,0,0,0,0,0,0,1,0,1,0,0
0.04075235109717868,0.3571428571428571,0.05724819642565022,0.15048543689320387,0,0,0,0,0,1,0,0,0,0,1,0
0.45454545454545453,0.4285714285714286,0.04419445162815348,0.0970873786407767,0,0,1,0,0,0,0,0,0,0,1,1
0.04075235109717868,0.5714285714285714,0.2722025031958437,0.4757281553398058,0,0,0,0,1,0,0,0,0,1,0,0
0.018808777429467086,0.21428571428571427,0.03833207263789676,0.12135922330097088,0,0,0,0,0,1,0,0,1,0,0,0
0.14420062695924765,0.5714285714285714,0.12435957953543847,0.20388349514563106,0,0,0,0,0,0,1,0,1,0,0,1
0.003134796238244514,0.9285714285714286,0.0872367940575068,0.09223300970873786,0,0,1,0,0,0,0,0,1,0,0,0
0.034482758620689655,0.5,0.6378429954523192,0.9708737864077669,0,0,0,0,0,1,0,0,0,0,1,0
0.01567398119122257,1.0,0.23454137129850824,0.3058252427184466,0,0,0,0,0,0,1,0,1,0,0,0
0.003134796238244514,0.5,0.014150557959087392,0.024271844660194174,0,0,0,0,0,0,0,1,1,0,0,0
0.050156739811912224,0.14285714285714285,0.05449445377261744,0.2378640776699029,0,0,0,0,0,0,0,1,0,0,1,0
0.3228840125391849,0.2857142857142857,0.030253112498928057,0.0970873786407767,0,0,0,1,0,0,0,0,1,0,0,1
0.21943573667711597,0.14285714285714285,0.07907156745376548,0.3203883495145631,0,0,1,0,0,0,0,0,0,1,0,1
0.05329153605015674,0.2857142857142857,0.06549402048866873,0.2378640776699029,0,0,0,1,0,0,0,0,1,0,0,0
0.034482758620689655,0.2857142857142857,0.04363575254967588,0.17961165048543687,0,0,1,0,0,0,0,0,0,1,0,0
0.46081504702194354,0.0,0.0012719947248509848,0.009708737864077669,0,0,0,0,1,0,0,0,0,1,0,1
0.03761755485893417,0.7857142857142857,0.1418676524664507,0.1941747572815534,0,1,0,0,0,0,0,0,0,0,1,0
0.1536050156739812,0.3571428571428571,0.07644533095712165,0.20388349514563106,0,0,0,0,0,0,1,0,0,0,1,1
0.2695924764890282,0.07142857142857142,0.01909646321666946,0.0970873786407767,1,0,0,0,0,0,0,0,0,0,1,1
0.0,0.21428571428571427,0.09041097246236436,0.3543689320388349,0,0,0,1,0,0,0,0,1,0,0,0
0.04702194357366771,0.9285714285714286,0.4537950146626271,0.5194174757281553,0,0,0,0,0,0,0,1,0,1,0,0
0.006269592476489028,0.5,0.14886339111684033,0.3689320388349514,0,0,1,0,0,0,0,0,0,1,0,0
0.050156739811912224,0.4285714285714286,0.051221091005218995,0.0970873786407767,0,0,0,0,1,0,0,0,0,0,1,0
0.31974921630094044,0.0,0.0007827177300632868,0.014563106796116502,0,0,1,0,0,0,0,0,0,0,1,1
0.17241379310344826,0.07142857142857142,0.013062689744692388,0.05825242718446602,0,1,0,0,0,0,0,0,0,0,1,1
0.43887147335423193,0.07142857142857142,0.10298268915734624,0.5194174757281553,0,0,0,0,0,0,0,1,0,1,0,1
0.10031347962382445,0.6428571428571428,0.04953790751291691,0.0970873786407767,0,0,0,0,0,0,1,0,1,0,0,1
0.5297805642633229,0.0,0.015231920757340102,0.1699029126213592,0,0,0,0,0,0,1,0,1,0,0,1
0.23197492163009403,0.5,0.2793596226338204,0.5,1,0,0,0,0,0,0,0,0,1,0,1
0.012539184952978056,0.5,0.30056193552300836,0.5728155339805825,0,0,0,0,0,0,1,0,1,0,0,0
0.445141065830721,0.2857142857142857,0.07924228816024252,0.2621359223300971,0,0,0,0,0,0,0,1,1,0,0,1
0.01567398119122257,0.8571428571428571,0.4028568163250816,0.4757281553398058,0,1,0,0,0,0,0,0,0,1,0,0
0.07523510971786834,0.5714285714285714,0.06498966486860835,0.0970873786407767,0,0,0,1,0,0,0,0,0,1,0,0
0.04075235109717868,0.6428571428571428,0.06286281199540188,0.0970873786407767,1,0,0,0,0,0,0,0,0,0,1,0
0.05956112852664577,0.9285714285714286,0.15881765362697048,0.16504854368932037,1,0,0,0,0,0,0,0,0,1,0,0
0.025078369905956112,0.7857142857142857,0.2751826575642574,0.28640776699029125,0,0,0,1,0,0,0,0,1,0,0,0
0.01567398119122257,0.8571428571428571,0.08617432019969583,0.1116504854368932,0,0,0,0,0,0,0,1,0,1,0,0
0.16614420062695925,0.2857142857142857,0.044831238933967676,0.1262135922330097,0,0,0,1,0,0,0,0,1,0,0,1
0.05329153605015674,0.6428571428571428,0.08150547596888821,0.11650485436893204,0,0,0,0,0,0,0,1,0,1,0,0
0.07523510971786834,0.6428571428571428,0.13662173135656352,0.1844660194174757,0,0,0,0,0,0,1,0,1,0,0,0
0.3667711598746081,0.14285714285714285,0.0070021511320155945,0.019417475728155338,0,0,0,0,1,0,0,0,0,0,1,1
0.26332288401253917,0.14285714285714285,0.06133259871696001,0.2378640776699029,0,0,0,0,0,1,0,0,0,0,1,1
0.018808777429467086,0.5714285714285714,0.05754781730626098,0.08252427184466019,0,0,0,1,0,0,0,0,1,0,0,0
0.2852664576802508,0.0,0.004221201899330591,0.28640776699029125,0,0,0,0,0,0,0,1,1,0,0,1
0.0219435736677116,0.5,0.07822539868268576,0.14563106796116504,1,0,0,0,0,0,0,0,0,0,1,0
0.05956112852664577,0.6428571428571428,0.4747329520865181,0.616504854368932,0,0,0,0,0,1,0,0,0,0,1,0
0.5517241379310345,0.0,0.014829398133535702,0.13106796116504854,0,0,0,0,0,0,1,0,0,1,0,1
0.4169278996865204,0.0,0.004234189497986098,0.1262135922330097,0,0,0,0,0,0,0,1,1,0,0,1
0.06269592476489028,0.9285714285714286,0.08338818986772606,0.09223300970873786,0,0,0,0,1,0,0,0,1,0,0,0
0.35423197492163006,0.7142857142857143,0.08802241599120504,0.1553398058252427,0,0,0,0,0,0,0,1,0,1,0,1
0.03134796238244514,0.14285714285714285,0.023622350927750176,0.08252427184466019,0,0,0,0,0,1,0,0,0,1,0,0
0.12852664576802508,0.8571428571428571,0.6146083440930206,0.6213592233009708,0,0,0,0,0,0,1,0,0,1,0,1
0.27586206896551724,0.4285714285714286,0.2061132371301552,0.4368932038834951,0,0,0,0,0,1,0,0,1,0,0,1
0.14733542319749215,0.07142857142857142,0.0009113158670189782,0.0,1,0,0,0,0,0,0,0,0,0,1,1
0.028213166144200625,0.4285714285714286,0.3688167616879501,0.7669902912621358,0,0,0,0,0,1,0,0,1,0,0,0
0.1567398119122257,0.07142857142857142,0.01673608913758372,0.06310679611650485,0,0,0,1,0,0,0,0,0,0,1,1
0.09404388714733541,0.2857142857142857,0.10297753129169056,0.3495145631067961,0,0,0,0,0,0,0,1,0,1,0,0
0.30094043887147337,0.07142857142857142,0.005293642984016727,0.13592233009708737,0,0,1,0,0,0,0,0,0,1,0,1
0.10658307210031348,0.2857142857142857,0.019647007291340113,0.04854368932038834,0,0,1,0,0,0,0,0,0,1,0,1
0.04702194357366771,0.5714285714285714,0.034504006976222405,0.04368932038834951,0,0,0,0,1,0,0,0,0,1,0,0
0.3824451410658307,0.0,0.013348277513339066,0.1553398058252427,0,0,0,0,0,0,1,0,1,0,0,1
0.23824451410658307,0.0,0.012868317203812294,0.18932038834951456,0,1,0,0,0,0,0,0,0,0,1,1
0.15047021943573669,0.21428571428571427,0.07554010230092154,0.5776699029126213,0,1,0,0,0,0,0,0,0,0,1,1
0.01567398119122257,0.5,0.06161618839350584,0.1553398058252427,0,0,0,0,0,0,0,1,0,1,0,0
0.3573667711598746,0.21428571428571427,0.17070974020411533,0.5145631067961165,0,0,0,0,0,0,0,1,1,0,0,1
0.06269592476489028,0.6428571428571428,0.25584519191314503,0.3106796116504854,0,0,0,0,0,0,1,0,1,0,0,0
0.1567398119122257,0.0,0.007354930555960531,0.08737864077669902,0,0,0,0,1,0,0,0,1,0,0,1
0.0,0.8571428571428571,0.3158397194641516,0.36407766990291257,1,0,0,0,0,0,0,0,1,0,0,0
0.1567398119122257,0.7857142857142857,0.2507458285354921,0.4077669902912621,0,1,0,0,0,0,0,0,1,0,0,1
0.5924764890282131,0.0,0.0018695636647787874,0.08252427184466019,0,1,0,0,0,0,0,0,1,0,0,1
0.46081504702194354,0.07142857142857142,0.024674857558685998,0.4660194174757281,0,1,0,0,0,0,0,0,0,1,0,1
0.31974921630094044,0.0,0.004223525262238553,0.05339805825242719,0,1,0,0,0,0,0,0,0,0,1,1
0.2476489028213166,0.0,0.0024462920394221713,0.03398058252427184,1,0,0,0,0,0,0,0,0,0,1,1
0.3166144200626959,0.0,0.00028944455107389434,0.0,0,0,0,1,0,0,0,0,0,1,0,1
0.19435736677115986,0.14285714285714285,0.04636679594709786,0.20388349514563106,0,0,0,1,0,0,0,0,1,0,0,1
0.025078369905956112,0.21428571428571427,0.014526501311224708,0.04854368932038834,0,0,0,1,0,0,0,0,1,0,0,0
0.1974921630094044,0.14285714285714285,0.022055451748991584,0.09223300970873786,0,1,0,0,0,0,0,0,0,1,0,1
0.1567398119122257,0.14285714285714285,0.04463965442857714,0.2961165048543689,1,0,0,0,0,0,0,0,1,0,0,1
0.07210031347962383,0.7142857142857143,0.3300100027743276,0.44174757281553395,1,0,0,0,0,0,0,0,1,0,0,0
0.26332288401253917,0.14285714285714285,0.021130242171782995,0.10194174757281553,0,0,0,0,0,1,0,0,0,1,0,1
0.14106583072100312,0.0,0.0013019428727346137,0.0048543689320388345,0,0,0,0,1,0,0,0,0,0,1,1
0.3573667711598746,0.0,0.02484065273579816,0.20388349514563106,0,0,0,0,0,1,0,0,0,0,1,1
0.31974921630094044,0.0,0.012290636250376645,0.12135922330097088,0,1,0,0,0,0,0,0,0,1,0,1
0.012539184952978056,0.5714285714285714,0.02330188948185499,0.024271844660194174,0,0,0,0,0,0,1,0,0,0,1,0
0.23510971786833854,0.5,0.14014332221704862,0.18932038834951456,1,0,0,0,0,0,0,0,1,0,0,1
0.12225705329153605,1.0,0.7271275318760163,0.645631067961165,0,0,1,0,0,0,0,0,0,0,1,1
0.19435736677115986,0.07142857142857142,0.006531902479444105,0.05825242718446602,0,0,0,0,1,0,0,0,0,1,0,1
0.003134796238244514,0.9285714285714286,0.3417342496150013,0.34466019417475724,0,0,0,0,0,1,0,0,1,0,0,0
0.03134796238244514,0.6428571428571428,0.1681591059364966,0.2524271844660194,0,0,0,1,0,0,0,0,1,0,0,0
0.18808777429467083,0.07142857142857142,0.007387597038446475,0.07766990291262135,0,0,0,0,0,0,1,0,0,1,0,1
0.003134796238244514,0.5,0.11545450124728575,0.23300970873786406,0,0,0,0,0,0,0,1,0,0,1,0
0.5141065830721003,0.07142857142857142,0.05326911217495833,0.3543689320388349,0,0,0,0,0,0,1,0,0,0,1,1
0.23510971786833854,0.07142857142857142,0.023257652652087395,0.2961165048543689,0,0,1,0,0,0,0,0,1,0,0,1
0.025078369905956112,0.7142857142857143,0.03522292516083306,0.04854368932038834,0,1,0,0,0,0,0,0,0,0,1,0
0.13166144200626959,0.5714285714285714,0.10120401544952692,0.14563106796116504,0,1,0,0,0,0,0,0,0,0,1,1
0.009404388714733543,0.5,0.07937908776826332,0.13106796116504854,0,0,0,0,1,0,0,0,0,0,1,0
0.034482758620689655,0.3571428571428571,0.15588854354164475,0.3252427184466019,0,0,0,0,0,1,0,0,0,0,1,0
0.7304075235109717,0.0,0.00043948732767007425,0.009708737864077669,0,0,0,0,0,0,0,1,0,1,0,1
0.2006269592476489,0.07142857142857142,0.02505732956059469,0.13592233009708737,0,0,0,0,0,0,0,1,1,0,0,1
0.23197492163009403,0.14285714285714285,0.11860904723557103,0.5485436893203883,0,0,0,0,0,1,0,0,1,0,0,1
0.17241379310344826,0.07142857142857142,0.005698326335325532,0.019417475728155338,0,0,0,0,0,1,0,0,0,0,1,1
0.025078369905956112,0.14285714285714285,0.008644420203508469,0.04368932038834951,0,0,0,0,0,0,0,1,1,0,0,0
0.6614420062695925,0.0,0.0012150955672349977,0.06310679611650485,1,0,0,0,0,0,0,0,0,1,0,1
0.23197492163009403,0.14285714285714285,0.10704253350271888,0.33009708737864074,0,0,0,0,0,0,0,1,0,1,0,1
0.0438871473354232,0.5,0.0913112755891996,0.17475728155339804,0,0,1,0,0,0,0,0,0,0,1,0
0.12539184952978055,0.3571428571428571,0.16041296753409345,0.5728155339805825,1,0,0,0,0,0,0,0,0,0,1,1
0.8307210031347962,0.0,0.008617306558372553,0.1553398058252427,0,0,0,0,0,0,1,0,0,0,1,1
0.0,0.8571428571428571,0.032110083536745694,0.04368932038834951,0,1,0,0,0,0,0,0,1,0,0,0
0.6206896551724138,0.0,0.01252218259778413,0.15048543689320387,0,1,0,0,0,0,0,0,1,0,0,1
0.1567398119122257,0.07142857142857142,0.018335468929795616,0.10194174757281553,0,0,0,0,0,0,0,1,1,0,0,1
0.23824451410658307,0.21428571428571427,0.07957666654995639,0.2815533980582524,0,1,0,0,0,0,0,0,0,0,1,1
0.006269592476489028,0.7857142857142857,0.32750558019494824,0.4223300970873786,1,0,0,0,0,0,0,0,0,1,0,0
0.21943573667711597,0.07142857142857142,0.026467099705887814,0.1262135922330097,1,0,0,0,0,0,0,0,1,0,0,1
0.06269592476489028,0.7142857142857143,0.09837820207908918,0.10194174757281553,0,0,0,0,0,0,1,0,0,0,1,0
0.1974921630094044,0.4285714285714286,0.06938751204983129,0.20388349514563106,1,0,0,0,0,0,0,0,1,0,0,1
0.23197492163009403,0.0,0.006708570994965528,0.06796116504854369,0,0,1,0,0,0,0,0,1,0,0,1
0.06269592476489028,0.5714285714285714,0.06502497998480938,0.13106796116504854,1,0,0,0,0,0,0,0,1,0,0,0
0.5799373040752351,0.14285714285714285,0.007462409324082849,0.07281553398058252,0,1,0,0,0,0,0,0,0,0,1,1
0.034482758620689655,0.7142857142857143,0.2827210176218015,0.3252427184466019,0,0,0,0,1,0,0,0,0,0,1,0
0.18495297805642633,0.07142857142857142,0.02352488585376117,0.14563106796116504,0,0,0,0,0,0,0,1,0,0,1,1
0.034482758620689655,1.0,0.11076363153611066,0.1262135922330097,0,0,0,0,0,1,0,0,1,0,0,0
0.2006269592476489,0.14285714285714285,0.02329394358070976,0.0970873786407767,0,0,0,1,0,0,0,0,0,1,0,1
0.0,1.0,0.03514256003784665,0.024271844660194174,0,0,0,0,0,1,0,0,0,0,1,0
0.018808777429467086,0.6428571428571428,0.07169795706002494,0.16504854368932037,0,0,1,0,0,0,0,0,0,0,1,0
0.20689655172413793,0.2857142857142857,0.13007872320241934,0.5776699029126213,0,0,0,0,1,0,0,0,0,0,1,1
0.04702194357366771,0.3571428571428571,0.04990750808431549,0.10679611650485436,0,1,0,0,0,0,0,0,0,1,0,0
0.08150470219435736,0.6428571428571428,0.03955748393644311,0.04854368932038834,0,0,0,0,0,0,0,1,0,0,1,0
0.025078369905956112,0.6428571428571428,0.18995945243819395,0.2233009708737864,0,0,0,0,0,0,1,0,0,1,0,0
0.03761755485893417,0.3571428571428571,0.252840409897907,0.4514563106796116,0,0,0,0,1,0,0,0,0,1,0,0
0.18181818181818182,0.07142857142857142,0.02259556392420549,0.2669902912621359,1,0,0,0,0,0,0,0,1,0,0,1
0.17241379310344826,0.2857142857142857,0.07204265118105016,0.24271844660194175,1,0,0,0,0,0,0,0,1,0,0,1
0.050156739811912224,0.5714285714285714,0.09780763061615189,0.1699029126213592,0,0,0,0,0,0,1,0,1,0,0,0
0.12539184952978055,0.2857142857142857,0.031322602912721084,0.11650485436893204,0,0,0,0,0,0,1,0,0,0,1,1
0.07523510971786834,0.5714285714285714,0.15743608910738,0.2621359223300971,0,0,0,0,0,1,0,0,1,0,0,0
0.24137931034482757,0.14285714285714285,0.08897255525241607,0.2766990291262136,0,0,1,0,0,0,0,0,1,0,0,1
0.025078369905956112,0.5714285714285714,0.021393432721996918,0.05339805825242719,0,0,1,0,0,0,0,0,0,1,0,0
0.18808777429467083,0.0,0.006985051181012995,0.05339805825242719,0,0,0,0,0,0,0,1,1,0,0,1
0.1974921630094044,0.0,0.008206930967939242,0.2378640776699029,1,0,0,0,0,0,0,0,0,0,1,1
0.04075235109717868,0.14285714285714285,0.025687611450266594,0.0970873786407767,0,0,0,0,1,0,0,0,1,0,0,0
0.22884012539184953,0.7857142857142857,0.23816300616581018,0.3203883495145631,0,0,1,0,0,0,0,0,0,1,0,1
0.12852664576802508,0.14285714285714285,0.08311719281814138,0.41262135922330095,0,0,1,0,0,0,0,0,0,0,1,1
0.06269592476489028,0.21428571428571427,0.06286652937605461,0.1699029126213592,0,0,1,0,0,0,0,0,1,0,0,0
0.0219435736677116,0.8571428571428571,0.09867596426937357,0.12135922330097088,0,0,0,1,0,0,0,0,0,1,0,0
0.14420062695924765,0.21428571428571427,0.08095528039865375,0.4611650485436893,0,0,0,0,0,0,0,1,1,0,0,1
0.0,0.3571428571428571,0.3179380879081065,0.6893203883495145,0,0,0,0,0,1,0,0,1,0,0,0
0.27899686520376177,0.07142857142857142,0.019864752863074302,0.2233009708737864,0,0,1,0,0,0,0,0,0,1,0,1
0.003134796238244514,0.4285714285714286,0.08580123458393529,0.17475728155339804,0,0,1,0,0,0,0,0,0,0,1,0
0.2445141065830721,0.07142857142857142,0.006109143364711357,0.16504854368932037,0,1,0,0,0,0,0,0,0,0,1,1
0.10971786833855798,0.14285714285714285,0.021915910572739394,0.23300970873786406,0,0,0,0,0,1,0,0,0,1,0,1
0.09090909090909091,1.0,0.6148738812397715,0.7233009708737863,0,0,0,0,0,1,0,0,0,1,0,0
0.025078369905956112,0.9285714285714286,0.1247067828884043,0.18932038834951456,0,1,0,0,0,0,0,0,0,0,1,0
0.3322884012539185,0.14285714285714285,0.01610111405483773,0.06310679611650485,0,0,0,1,0,0,0,0,1,0,0,1
0.0,0.4285714285714286,0.07670094734425563,0.1553398058252427,0,0,0,1,0,0,0,0,0,0,1,0
0.028213166144200625,0.8571428571428571,0.33089845675033225,0.3495145631067961,0,0,0,1,0,0,0,0,0,1,0,0
0.006269592476489028,0.5714285714285714,0.10079013158110259,0.13592233009708737,0,0,0,0,0,1,0,0,1,0,0,0
0.18181818181818182,0.07142857142857142,0.07005796488418187,0.8106796116504854,0,0,0,0,1,0,0,0,0,0,1,1
0.329153605015674,0.4285714285714286,0.15044202327828413,0.2912621359223301,0,0,0,0,1,0,0,0,0,1,0,1
0.4012539184952978,0.07142857142857142,0.03864979251556055,0.5339805825242718,0,0,0,0,0,0,0,1,0,1,0,1
0.0,0.3571428571428571,0.0961868061842995,0.38349514563106796,0,0,0,1,0,0,0,0,0,0,1,0
0.025078369905956112,0.3571428571428571,0.04418817854830198,0.11650485436893204,0,0,0,0,1,0,0,0,0,0,1,0
0.7304075235109717,0.07142857142857142,0.062346583990881825,0.3349514563106796,0,0,0,0,0,0,1,0,0,0,1,1
0.10658307210031348,1.0,0.38667803224823066,0.4077669902912621,1,0,0,0,0,0,0,0,0,0,1,1
0.18181818181818182,0.5,0.2983069027181696,0.4805825242718446,0,0,0,0,0,1,0,0,0,0,1,1
0.009404388714733543,0.6428571428571428,0.19994851892468538,0.35922330097087374,0,0,0,0,1,0,0,0,1,0,0,0
0.15047021943573669,0.0,0.0013497344477513902,0.038834951456310676,0,0,0,0,0,0,0,1,0,0,1,1
0.0,0.7857142857142857,0.09750431558851747,0.13106796116504854,0,0,0,0,0,1,0,0,0,1,0,0
0.03134796238244514,0.5,0.3023919323174646,0.4514563106796116,0,0,1,0,0,0,0,0,0,0,1,0
0.06269592476489028,1.0,0.7932224437135712,0.8932038834951456,1,0,0,0,0,0,0,0,0,0,1,0
0.0438871473354232,0.5714285714285714,0.3635695859620926,0.6601941747572815,0,1,0,0,0,0,0,0,0,0,1,0
0.050156739811912224,0.6428571428571428,0.30096118220511253,0.45631067961165045,0,0,0,0,1,0,0,0,0,1,0,0
0.025078369905956112,0.5,0.13943832097625666,0.28640776699029125,1,0,0,0,0,0,0,0,0,0,1,0
0.16300940438871472,0.14285714285714285,0.011673434893876566,0.04368932038834951,0,0,0,0,0,0,0,1,0,1,0,1
0.009404388714733543,0.4285714285714286,0.05884948137544664,0.08737864077669902,0,0,0,1,0,0,0,0,1,0,0,0
0.29780564263322884,0.14285714285714285,0.01895501688283274,0.13592233009708737,0,0,0,0,1,0,0,0,0,0,1,1
0.35423197492163006,0.14285714285714285,0.14257437299579456,0.5048543689320388,0,0,0,1,0,0,0,0,0,0,1,1
0.1128526645768025,0.5714285714285714,0.14467144035652096,0.2524271844660194,0,0,0,0,0,0,1,0,0,0,1,1
0.5579937304075235,0.0,0.012710421460587203,0.17475728155339804,0,0,0,0,0,0,0,1,0,1,0,1
0.006269592476489028,0.9285714285714286,0.20680364765188516,0.2233009708737864,1,0,0,0,0,0,0,0,0,1,0,0
0.09717868338557993,0.21428571428571427,0.06749555116661976,0.2233009708737864,0,0,0,0,0,0,0,1,1,0,0,1
0.050156739811912224,0.21428571428571427,0.07723666836357349,0.39805825242718446,0,0,0,0,0,1,0,0,0,1,0,0
0.05642633228840125,0.7142857142857143,0.49296754059885,0.616504854368932,0,0,0,0,0,0,1,0,0,0,1,0
0.7304075235109717,0.0,0.024369614139837962,0.21359223300970873,0,0,0,1,0,0,0,0,0,0,1,1
0.17241379310344826,0.14285714285714285,0.003992188017492786,0.03398058252427184,0,0,0,1,0,0,0,0,0,0,1,1
0.06269592476489028,0.7142857142857143,0.3508673892061996,0.37864077669902907,0,0,1,0,0,0,0,0,1,0,0,0
0.9780564263322884,0.0,0.003787685614333978,0.07766990291262135,0,0,0,0,0,1,0,0,0,0,1,1
0.5109717868338558,0.0,0.004481302376876926,0.10194174757281553,0,0,1,0,0,0,0,0,0,1,0,1
0.03761755485893417,0.7857142857142857,0.08578153246647578,0.1262135922330097,0,0,0,1,0,0,0,0,0,1,0,0
0.11912225705329153,0.21428571428571427,0.3163728383170126,0.7378640776699028,0,0,0,0,0,1,0,0,0,1,0,1
0.5203761755485893,0.0,0.017065263194383763,0.21844660194174756,0,0,0,0,0,0,0,1,1,0,0,1
0.12539184952978055,0.7857142857142857,0.29059233881768565,0.48543689320388345,0,0,0,0,0,0,1,0,1,0,0,1
0.009404388714733543,1.0,0.29505589070194577,0.27184466019417475,0,0,0,0,0,0,0,1,0,0,1,0
0.3448275862068965,0.0,0.0008810192146991551,0.0048543689320388345,0,1,0,0,0,0,0,0,1,0,0,1
0.03134796238244514,0.4285714285714286,0.04294885030593694,0.06310679611650485,0,0,0,0,0,1,0,0,0,0,1,0
0.0,0.7142857142857143,0.07799171484140294,0.1553398058252427,1,0,0,0,0,0,0,0,0,1,0,0
0.03761755485893417,0.6428571428571428,0.2341816450194685,0.4077669902912621,0,0,0,1,0,0,0,0,0,1,0,0
0.025078369905956112,0.9285714285714286,0.5982324691406873,0.5970873786407767,0,0,0,1,0,0,0,0,1,0,0,0
0.018808777429467086,0.5,0.1854885587271447,0.3252427184466019,0,0,0,1,0,0,0,0,0,1,0,0
0.28213166144200624,0.07142857142857142,0.03820163904424378,0.21844660194174756,1,0,0,0,0,0,0,0,0,0,1,1
0.3103448275862069,0.6428571428571428,0.17511797281753685,0.3252427184466019,0,1,0,0,0,0,0,0,0,0,1,1
0.2915360501567398,0.2857142857142857,0.0460424312515173,0.1699029126213592,0,0,0,0,0,0,1,0,0,1,0,1
0.10971786833855798,0.5,0.13329123709525828,0.3106796116504854,0,1,0,0,0,0,0,0,0,1,0,1
0.4231974921630094,0.0,0.0009169848725144053,0.0048543689320388345,0,0,0,0,0,0,1,0,0,0,1,1
0.009404388714733543,0.5,0.04449579179731614,0.07766990291262135,0,0,0,0,0,0,0,1,0,1,0,0
0.9780564263322884,0.0,0.0001730440693850028,0.0,0,0,0,0,1,0,0,0,0,0,1,1
0.2727272727272727,0.14285714285714285,0.03861227020459696,0.17961165048543687,0,0,1,0,0,0,0,0,0,1,0,1
0.1347962382445141,0.9285714285714286,0.4143905474073024,0.3495145631067961,0,0,1,0,0,0,0,0,1,0,0,1
0.16300940438871472,0.14285714285714285,0.030976468306692918,0.16504854368932037,0,0,0,1,0,0,0,0,0,0,1,1
0.03761755485893417,0.4285714285714286,0.05062905166901214,0.14563106796116504,0,0,0,0,1,0,0,0,0,0,1,0
0.16300940438871472,0.3571428571428571,0.11501770902058892,0.3495145631067961,0,0,0,0,0,1,0,0,0,1,0,1
0.03761755485893417,0.9285714285714286,0.439255270182827,0.6019417475728155,0,0,0,0,0,1,0,0,0,0,1,0
0.14733542319749215,0.14285714285714285,0.006353212638192754,0.014563106796116502,0,0,0,1,0,0,0,0,0,0,1,1
0.05642633228840125,0.8571428571428571,0.2112703593097001,0.3495145631067961,0,0,0,1,0,0,0,0,0,0,1,0
0.03761755485893417,0.5,0.09848214933559139,0.14563106796116504,0,1,0,0,0,0,0,0,0,0,1,0
0.25705329153605017,0.14285714285714285,0.05380673835186072,0.1699029126213592,1,0,0,0,0,0,0,0,0,0,1,1
0.003134796238244514,0.7142857142857143,0.05636236784973158,0.06796116504854369,0,0,1,0,0,0,0,0,0,1,0,0
0.009404388714733543,0.9285714285714286,0.203059385690301,0.2961165048543689,0,1,0,0,0,0,0,0,0,0,1,0
0.07523510971786834,0.14285714285714285,0.04102231778265493,0.13592233009708737,0,0,0,0,0,0,0,1,1,0,0,0
0.012539184952978056,0.4285714285714286,0.013641857650389132,0.04854368932038834,0,0,0,0,0,0,0,1,1,0,0,0
0.03134796238244514,1.0,1.0,0.9854368932038834,0,0,0,0,0,0,0,1,1,0,0,0
0.27586206896551724,0.0,0.0008483991994713699,0.0,1,0,0,0,0,0,0,0,0,0,1,1
0.006269592476489028,0.9285714285714286,0.1200065732583392,0.17475728155339804,0,0,0,1,0,0,0,0,0,1,0,0
0.07836990595611285,0.8571428571428571,0.3700798579328636,0.5485436893203883,0,0,0,0,1,0,0,0,0,1,0,0
0.0,0.14285714285714285,0.002219555053234169,0.009708737864077669,0,0,0,0,0,1,0,0,1,0,0,0
0.4952978056426332,0.0,0.0003261536850196925,0.0,0,1,0,0,0,0,0,0,1,0,0,1
0.3573667711598746,0.2857142857142857,0.15513719121083894,0.4029126213592233,0,0,1,0,0,0,0,0,1,0,0,1
0.2695924764890282,0.07142857142857142,0.0027435430898668177,0.05339805825242719,0,1,0,0,0,0,0,0,0,0,1,1
0.11912225705329153,0.21428571428571427,0.03820333509916659,0.10679611650485436,1,0,0,0,0,0,0,0,1,0,0,1
0.21630094043887146,0.07142857142857142,0.04108239994745482,0.2378640776699029,0,0,0,0,1,0,0,0,1,0,0,1
0.006269592476489028,0.4285714285714286,0.11116387726426526,0.22815533980582522,0,0,0,0,1,0,0,0,0,1,0,0
0.18808777429467083,0.07142857142857142,0.04029157368084275,0.3398058252427184,1,0,0,0,0,0,0,0,0,1,0,1
0.06269592476489028,0.9285714285714286,0.19478133658374902,0.18932038834951456,0,1,0,0,0,0,0,0,0,1,0,0
0.16300940438871472,0.14285714285714285,0.01912164847059177,0.06796116504854369,0,0,0,0,0,0,1,0,0,0,1,1
0.003134796238244514,0.3571428571428571,0.004314949592666853,0.009708737864077669,0,0,0,0,0,0,0,1,1,0,0,0
0.07836990595611285,1.0,0.4019231264732589,0.4320388349514563,0,0,1,0,0,0,0,0,1,0,0,0
0.2225705329153605,0.0,0.0,0.0,0,0,0,0,0,0,0,1,1,0,0,1
0.09090909090909091,0.5714285714285714,0.5137813639761977,0.8155339805825242,1,0,0,0,0,0,0,0,0,0,1,0
0.445141065830721,0.0,0.00901269645804951,0.27184466019417475,1,0,0,0,0,0,0,0,0,1,0,1
0.16927899686520376,0.07142857142857142,0.04968344296547164,0.24271844660194175,0,0,0,0,0,0,0,1,0,0,1,1
0.009404388714733543,0.7857142857142857,0.03710296719232675,0.03398058252427184,0,0,0,0,0,0,0,1,1,0,0,0
0.003134796238244514,0.5714285714285714,0.12076640586375906,0.27184466019417475,0,1,0,0,0,0,0,0,0,1,0,0
0.7617554858934169,0.21428571428571427,0.05544157266204811,0.14563106796116504,0,0,0,0,0,1,0,0,0,1,0,1
0.17241379310344826,0.3571428571428571,0.03603921548491639,0.0970873786407767,0,0,0,1,0,0,0,0,1,0,0,1
0.25705329153605017,0.07142857142857142,0.019715174759059716,0.17475728155339804,0,0,0,0,0,0,0,1,0,1,0,1
0.23197492163009403,0.07142857142857142,0.0028550412758199094,0.024271844660194174,0,0,0,0,1,0,0,0,0,1,0,1
0.025078369905956112,0.9285714285714286,0.43016390465671395,0.558252427184466,0,0,0,1,0,0,0,0,1,0,0,0
0.003134796238244514,0.5714285714285714,0.021986633739657754,0.029126213592233007,0,0,0,0,1,0,0,0,1,0,0,0
0.4890282131661442,0.07142857142857142,0.012643740945128696,0.06796116504854369,0,1,0,0,0,0,0,0,1,0,0,1
0.30407523510971785,0.07142857142857142,0.00943963762601659,0.07281553398058252,1,0,0,0,0,0,0,0,0,0,1,1
0.0219435736677116,0.21428571428571427,0.14151131829725658,0.5097087378640777,0,0,1,0,0,0,0,0,0,1,0,0
0.07210031347962383,0.2857142857142857,0.11410806597486367,0.35922330097087374,0,0,0,0,0,0,1,0,1,0,0,0
0.009404388714733543,0.7857142857142857,0.18894913807766672,0.2378640776699029,0,1,0,0,0,0,0,0,0,0,1,0
0.12852664576802508,0.3571428571428571,0.1932207569521001,0.48543689320388345,1,0,0,0,0,0,0,0,0,1,0,1
0.3072100313479624,0.0,0.022880013245027267,0.2961165048543689,0,0,0,0,0,0,1,0,1,0,0,1
0.4106583072100313,0.07142857142857142,0.019966005018603284,0.11650485436893204,0,0,1,0,0,0,0,0,0,0,1,1
0.03761755485893417,0.9285714285714286,0.6897828420067452,0.6893203883495145,0,0,1,0,0,0,0,0,0,0,1,0
0.3667711598746081,0.0,0.00039808500065019307,0.0,0,0,0,0,1,0,0,0,0,1,0,1
0.050156739811912224,0.4285714285714286,0.19212062138155106,0.5776699029126213,0,0,0,0,0,0,0,1,0,1,0,0
0.0438871473354232,0.6428571428571428,0.1722193220199345,0.21844660194174756,0,0,0,0,0,1,0,0,0,1,0,0
0.5203761755485893,0.07142857142857142,0.027267474994051612,0.2378640776699029,0,0,0,0,0,1,0,0,0,0,1,1
0.034482758620689655,0.8571428571428571,0.44201124326425145,0.6893203883495145,0,0,0,1,0,0,0,0,0,1,0,0
0.16614420062695925,0.5,0.18867151944379437,0.2669902912621359,0,0,0,0,0,0,0,1,1,0,0,1
0.0,0.5,0.08734445869466176,0.13106796116504854,0,0,0,0,0,0,0,1,0,1,0,0
0.48589341692789967,0.14285714285714285,0.0077064785975642465,0.04368932038834951,0,0,0,0,0,0,1,0,0,0,1,1
0.0438871473354232,0.21428571428571427,0.14110860980441955,0.45631067961165045,0,0,1,0,0,0,0,0,1,0,0,0
0.06269592476489028,0.8571428571428571,0.5101006924574044,0.6941747572815533,0,0,0,0,0,0,0,1,0,0,1,0
0.003134796238244514,0.5714285714285714,0.07903671701014604,0.1262135922330097,0,0,0,0,0,0,0,1,0,1,0,0
0.03761755485893417,0.14285714285714285,0.12162414498212043,0.5145631067961165,0,0,0,0,0,0,1,0,0,1,0,0
0.003134796238244514,0.9285714285714286,0.06728589089780528,0.06796116504854369,0,0,0,0,0,1,0,0,0,1,0,0
0.16614420062695925,0.07142857142857142,0.11695009641839899,0.8446601941747572,0,0,1,0,0,0,0,0,0,0,1,1
0.45768025078369906,0.14285714285714285,0.023221547592497668,0.1941747572815534,0,0,0,1,0,0,0,0,1,0,0,1
0.01567398119122257,0.8571428571428571,0.09827444069161959,0.13106796116504854,0,0,0,0,1,0,0,0,1,0,0,0
0.18181818181818182,0.21428571428571427,0.02225454071657484,0.1116504854368932,0,0,0,0,0,1,0,0,1,0,0,1
0.028213166144200625,0.3571428571428571,0.13399159161023433,0.48543689320388345,0,0,0,0,0,0,0,1,0,0,1,0
0.025078369905956112,0.5,0.07308872209673092,0.14563106796116504,1,0,0,0,0,0,0,0,0,1,0,0
0.034482758620689655,0.6428571428571428,0.14449365662680372,0.28640776699029125,0,0,0,0,1,0,0,0,0,0,1,0
0.6677115987460814,0.0,0.0024690842295492775,0.03398058252427184,0,0,0,0,1,0,0,0,1,0,0,1
0.8119122257053292,0.0,0.004205472732443688,0.07766990291262135,0,0,0,1,0,0,0,0,0,1,0,1
0.6081504702194357,0.0,0.0011121473567832056,0.009708737864077669,0,0,1,0,0,0,0,0,0,0,1,1
0.034482758620689655,0.8571428571428571,0.20694681327427378,0.2378640776699029,0,0,0,0,0,0,1,0,1,0,0,0
0.025078369905956112,0.7857142857142857,0.13009614842422906,0.16504854368932037,1,0,0,0,0,0,0,0,0,1,0,0
0.07523510971786834,0.5714285714285714,0.08795401618719464,0.16019417475728154,0,0,0,0,1,0,0,0,0,1,0,0
0.26018808777429464,0.07142857142857142,0.03181987227591217,0.19902912621359223,0,0,0,0,0,1,0,0,0,0,1,1
0.2695924764890282,0.07142857142857142,0.009036836198663235,0.10194174757281553,0,0,0,0,1,0,0,0,1,0,0,1
0.4012539184952978,0.07142857142857142,0.09532690633843371,0.44174757281553395,0,0,0,0,0,0,1,0,0,1,0,1
0.09090909090909091,0.5,0.38380895786044666,0.7669902912621358,0,1,0,0,0,0,0,0,1,0,0,0
0.08150470219435736,0.7857142857142857,0.04435504247235181,0.05825242718446602,0,0,0,0,0,1,0,0,0,0,1,0
0.006269592476489028,0.5714285714285714,0.056106983798888406,0.06796116504854369,0,0,0,0,1,0,0,0,1,0,0,0
0.34796238244514105,0.21428571428571427,0.03492274667312437,0.17475728155339804,0,0,0,0,0,0,0,1,0,1,0,1
0.12225705329153605,0.3571428571428571,0.025424467367310827,0.06796116504854369,0,0,0,0,0,0,1,0,0,0,1,1
0.19435736677115986,0.07142857142857142,0.005232120334213896,0.05825242718446602,0,0,0,1,0,0,0,0,0,0,1,1
0.19435736677115986,0.21428571428571427,0.1838117644828395,0.4805825242718446,0,1,0,0,0,0,0,0,1,0,0,1
0.21943573667711597,0.14285714285714285,0.03523314795762809,0.1262135922330097,0,0,0,1,0,0,0,0,1,0,0,1
0.2695924764890282,0.14285714285714285,0.03927040921553533,0.2621359223300971,1,0,0,0,0,0,0,0,0,0,1,1
0.0877742946708464,0.5,0.14983046769365038,0.4223300970873786,0,0,0,0,0,0,0,1,0,0,1,0
0.1536050156739812,0.14285714285714285,0.10627749656438518,0.36407766990291257,0,0,0,1,0,0,0,0,0,1,0,1
0.19435736677115986,0.14285714285714285,0.0015609746033432867,0.0,0,0,0,0,0,1,0,0,0,0,1,1
0.01567398119122257,0.7142857142857143,0.39649435670251515,0.6359223300970873,0,0,0,0,1,0,0,0,0,1,0,0
0.3730407523510972,0.0,0.019844771942065832,0.1699029126213592,0,0,1,0,0,0,0,0,0,1,0,1
0.006269592476489028,0.5,0.0643631003595892,0.1262135922330097,0,0,0,1,0,0,0,0,0,0,1,0
0.5109717868338558,0.14285714285714285,0.08313942740117058,0.41262135922330095,0,0,0,0,0,1,0,0,0,0,1,1
0.4169278996865204,0.07142857142857142,0.07221541644688621,0.3689320388349514,0,0,0,0,0,0,0,1,1,0,0,1
0.05642633228840125,0.8571428571428571,0.5377326798580861,0.8446601941747572,0,0,0,1,0,0,0,0,1,0,0,0
0.10344827586206896,0.5,0.26093640028699105,0.4514563106796116,1,0,0,0,0,0,0,0,1,0,0,1
0.3793103448275862,0.07142857142857142,0.013169610905716795,0.23300970873786406,0,0,0,1,0,0,0,0,0,0,1,1
0.16927899686520376,0.07142857142857142,0.010445793166938574,0.11650485436893204,0,0,0,1,0,0,0,0,0,0,1,1
0.3510971786833856,0.0,0.0016868079384385036,0.08252427184466019,0,0,0,0,0,0,0,1,0,1,0,1
0.2664576802507837,0.0,0.016525522757235133,0.1941747572815534,0,0,0,0,0,1,0,0,0,0,1,1
0.006269592476489028,0.6428571428571428,0.10415821785425865,0.16504854368932037,0,0,0,0,0,0,1,0,1,0,0,0
0.034482758620689655,0.5,0.1285966035361723,0.23300970873786406,0,0,0,0,0,0,1,0,0,1,0,0
0.1536050156739812,0.3571428571428571,0.22963519554665232,0.6990291262135921,0,0,0,0,0,1,0,0,0,1,0,1
0.11912225705329153,0.4285714285714286,0.12244852060912348,0.21359223300970873,0,0,0,1,0,0,0,0,0,1,0,1
0.19122257053291536,0.0,0.04430536897337958,0.3689320388349514,0,0,0,1,0,0,0,0,1,0,0,1
0.3667711598746081,0.14285714285714285,0.14536812395810242,0.6407766990291262,0,0,0,0,0,0,0,1,0,1,0,1
0.15047021943573669,0.0,0.0010248353787019973,0.0,1,0,0,0,0,0,0,0,1,0,0,1
0.14106583072100312,0.14285714285714285,0.008812283173608717,0.019417475728155338,0,0,0,0,0,0,1,0,0,1,0,1
0.3134796238244514,0.07142857142857142,0.0006957542564182726,0.019417475728155338,0,0,1,0,0,0,0,0,0,1,0,1
0.335423197492163,0.3571428571428571,0.26122496196015993,0.6941747572815533,1,0,0,0,0,0,0,0,0,0,1,1
0.2006269592476489,0.07142857142857142,0.04664295086233822,0.3883495145631068,0,0,0,0,0,0,1,0,0,1,0,1
0.034482758620689655,0.9285714285714286,0.34601513870743744,0.3689320388349514,0,0,0,0,1,0,0,0,1,0,0,0
0.5423197492163009,0.0,0.004193902385162038,0.1407766990291262,0,0,0,0,0,0,1,0,0,0,1,1
0.025078369905956112,0.3571428571428571,0.05152661322761598,0.1262135922330097,1,0,0,0,0,0,0,0,1,0,0,0
0.05329153605015674,0.5,0.28826474738923125,0.5145631067961165,0,0,1,0,0,0,0,0,0,0,1,0
0.006269592476489028,0.5,0.18011378391038196,0.35922330097087374,0,1,0,0,0,0,0,0,0,0,1,0
0.04075235109717868,0.8571428571428571,0.9389695546292204,0.9271844660194174,0,0,0,1,0,0,0,0,0,0,1,0
0.445141065830721,0.07142857142857142,0.013066802097039481,0.1116504854368932,0,0,0,0,0,0,0,1,0,0,1,1
0.18181818181818182,0.0,0.0021972507693177345,0.07766990291262135,0,0,0,0,0,0,0,1,0,1,0,1
0.18495297805642633,0.3571428571428571,0.09617349331483688,0.3543689320388349,0,0,0,0,0,1,0,0,0,0,1,1
0.0438871473354232,0.3571428571428571,0.1535047964317049,0.3058252427184466,0,0,0,0,1,0,0,0,1,0,0,0
0.225705329153605,0.14285714285714285,0.0634626345973504,0.25728155339805825,0,0,0,0,1,0,0,0,1,0,0,1
0.18808777429467083,0.14285714285714285,0.021791494489018032,0.09223300970873786,0,0,0,0,0,1,0,0,1,0,0,1
0.03761755485893417,0.9285714285714286,0.11215067919216393,0.1116504854368932,0,0,1,0,0,0,0,0,0,1,0,0
0.04075235109717868,0.7142857142857143,0.2669209416989484,0.31553398058252424,0,1,0,0,0,0,0,0,1,0,0,0
0.23197492163009403,0.14285714285714285,0.04767661502009047,0.1699029126213592,0,0,0,0,0,0,0,1,1,0,0,1
0.01567398119122257,0.7142857142857143,0.051121627839129144,0.06310679611650485,0,0,0,0,1,0,0,0,0,1,0,0
0.08150470219435736,0.8571428571428571,0.3383273864149114,0.5485436893203883,0,0,0,0,1,0,0,0,0,0,1,0
0.34796238244514105,0.07142857142857142,0.010927565699533555,0.1116504854368932,1,0,0,0,0,0,0,0,1,0,0,1
0.009404388714733543,0.5714285714285714,0.1520173562643986,0.3106796116504854,0,0,0,0,1,0,0,0,1,0,0,0
0.01567398119122257,0.21428571428571427,0.09570638120219113,0.37864077669902907,0,0,0,0,0,0,0,1,1,0,0,0
0.0,0.7857142857142857,0.060115458590366,0.10194174757281553,0,0,0,0,0,0,1,0,0,0,1,0
0.47648902821316613,0.07142857142857142,0.044287897284311706,0.5048543689320388,0,0,0,0,1,0,0,0,0,0,1,1
0.09717868338557993,0.2857142857142857,0.28343596285583955,0.7669902912621358,1,0,0,0,0,0,0,0,1,0,0,1
0.26018808777429464,0.14285714285714285,0.07472615857337524,0.4611650485436893,0,0,0,1,0,0,0,0,0,0,1,1
0.41379310344827586,0.07142857142857142,0.010613679370667902,0.1844660194174757,0,0,1,0,0,0,0,0,0,0,1,1
0.14420062695924765,0.14285714285714285,0.0016001929692296838,0.0,0,0,1,0,0,0,0,0,1,0,0,1
0.028213166144200625,0.7857142857142857,0.7352309570264058,0.8786407766990291,0,1,0,0,0,0,0,0,0,0,1,0
0.12539184952978055,0.3571428571428571,0.07363164554106347,0.1844660194174757,0,0,0,0,0,0,1,0,1,0,0,1
0.1536050156739812,0.5714285714285714,0.06439386168449061,0.11650485436893204,0,0,0,0,1,0,0,0,0,1,0,1
0.21316614420062696,0.14285714285714285,0.021518615515477908,0.1407766990291262,0,0,0,0,0,1,0,0,1,0,0,1
0.006269592476489028,0.3571428571428571,0.028502969687618514,0.0970873786407767,0,0,1,0,0,0,0,0,0,0,1,0
0.10971786833855798,0.4285714285714286,0.050444483719603646,0.10679611650485436,0,0,0,0,0,0,0,1,1,0,0,1
0.009404388714733543,0.5,0.0524295649881663,0.07766990291262135,0,0,1,0,0,0,0,0,0,1,0,0
0.018808777429467086,0.6428571428571428,0.02833424707324232,0.05339805825242719,1,0,0,0,0,0,0,0,1,0,0,0
0.07836990595611285,0.14285714285714285,0.038268853933171115,0.2669902912621359,0,0,0,0,0,0,0,1,0,0,1,0
0.6175548589341693,0.14285714285714285,0.03212857750549307,0.13106796116504854,0,0,0,0,1,0,0,0,1,0,0,1
0.45768025078369906,0.0,0.015158200452270471,0.41262135922330095,0,0,0,1,0,0,0,0,0,0,1,1
0.07836990595611285,0.7142857142857143,0.17502283110645583,0.22815533980582522,0,0,0,0,0,0,0,1,1,0,0,0
0.2664576802507837,0.14285714285714285,0.06761525082363795,0.30097087378640774,0,0,0,0,0,0,1,0,0,1,0,1
0.26018808777429464,0.07142857142857142,0.018294020135517577,0.33009708737864074,0,0,0,0,1,0,0,0,0,1,0,1
0.5235109717868338,0.14285714285714285,0.018388023398773715,0.0970873786407767,0,0,0,0,0,0,1,0,0,0,1,1
0.06583072100313479,0.14285714285714285,0.012321792546972415,0.03398058252427184,0,0,0,0,0,0,0,1,0,0,1,0
0.006269592476489028,0.7857142857142857,0.08146082093379718,0.10679611650485436,0,0,1,0,0,0,0,0,0,1,0,0
0.14420062695924765,0.14285714285714285,0.07431610825374904,0.4029126213592233,1,0,0,0,0,0,0,0,0,1,0,1
0.04075235109717868,0.4285714285714286,0.07806369262429161,0.17475728155339804,0,0,0,0,0,0,1,0,0,1,0,0
0.1347962382445141,0.14285714285714285,0.08339153551031353,0.3883495145631068,0,1,0,0,0,0,0,0,0,1,0,1
0.14733542319749215,0.07142857142857142,0.000758554755820483,0.0048543689320388345,0,0,0,0,1,0,0,0,1,0,0,1
0.5297805642633229,0.0,0.021156031500061373,0.2669902912621359,0,0,1,0,0,0,0,0,1,0,0,1
0.3887147335423197,0.0,0.0035249597367016457,0.08252427184466019,1,0,0,0,0,0,0,0,0,1,0,1
0.14106583072100312,0.07142857142857142,0.011577828510213934,0.11650485436893204,0,1,0,0,0,0,0,0,1,0,0,1
0.14733542319749215,0.2857142857142857,0.24263912744340235,0.5776699029126213,0,0,0,0,0,0,0,1,0,0,1,1
0.15047021943573669,0.07142857142857142,0.011261990556505591,0.1262135922330097,0,0,1,0,0,0,0,0,0,1,0,1
0.012539184952978056,0.14285714285714285,0.07694552775757678,0.2669902912621359,0,0,1,0,0,0,0,0,0,1,0,0
0.034482758620689655,0.7142857142857143,0.7501939949944075,0.9417475728155339,0,0,0,0,1,0,0,0,0,1,0,0
0.03134796238244514,0.7142857142857143,0.10362997806350442,0.14563106796116504,0,0,0,1,0,0,0,0,0,1,0,0
0.0219435736677116,0.6428571428571428,0.06481136999905136,0.07766990291262135,0,0,0,0,0,0,0,1,0,1,0,0
0.5862068965517241,0.07142857142857142,0.004359372291467085,0.04854368932038834,0,0,1,0,0,0,0,0,0,0,1,1
0.009404388714733543,0.7142857142857143,0.10766626350899032,0.15048543689320387,0,0,0,0,1,0,0,0,0,1,0,0
0.09090909090909091,0.14285714285714285,0.08521398137531885,0.5533980582524272,0,0,0,0,0,0,0,1,0,1,0,0
0.13793103448275862,0.5714285714285714,0.33322251666716657,0.6601941747572815,0,0,0,0,0,0,1,0,0,1,0,1
0.05329153605015674,0.8571428571428571,0.6074397007750204,0.7524271844660193,0,1,0,0,0,0,0,0,1,0,0,0
0.07523510971786834,0.7142857142857143,0.1389966496874531,0.22815533980582522,0,0,0,0,0,0,1,0,1,0,0,0
0.21943573667711597,0.07142857142857142,0.02978281737909841,0.3058252427184466,0,0,0,0,0,0,1,0,0,1,0,1
0.018808777429467086,0.4285714285714286,0.030245863606655217,0.07766990291262135,0,0,0,0,1,0,0,0,0,0,1,0
0.1786833855799373,0.14285714285714285,0.06496924250864737,0.2961165048543689,0,0,0,0,0,0,0,1,0,1,0,1
0.18808777429467083,0.6428571428571428,0.08926599598769165,0.15048543689320387,0,0,0,0,0,0,1,0,1,0,0,1
0.006269592476489028,0.9285714285714286,0.6781171439113521,0.8786407766990291,0,0,1,0,0,0,0,0,0,0,1,0
0.13793103448275862,0.4285714285714286,0.22647423707674108,0.4611650485436893,0,0,0,1,0,0,0,0,0,0,1,1
0.14420062695924765,0.07142857142857142,0.004387252646362628,0.029126213592233007,0,0,0,0,0,0,1,0,0,1,0,1
0.009404388714733543,0.3571428571428571,0.0706235875841252,0.13592233009708737,0,0,0,0,0,0,0,1,0,0,1,0
0.028213166144200625,0.6428571428571428,0.1575808810838042,0.2378640776699029,0,0,0,0,0,0,1,0,0,1,0,0
0.050156739811912224,1.0,0.32933181314149357,0.3689320388349514,0,1,0,0,0,0,0,0,1,0,0,0
0.6269592476489028,0.0,0.02443378542335587,0.2233009708737864,0,0,0,0,0,0,1,0,0,1,0,1
0.2852664576802508,0.14285714285714285,0.009886373845959506,0.04854368932038834,0,0,0,1,0,0,0,0,1,0,0,1
0.19435736677115986,0.14285714285714285,0.06067964080530639,0.5922330097087378,0,1,0,0,0,0,0,0,1,0,0,1
0.003134796238244514,0.7142857142857143,0.017864662670126215,0.024271844660194174,0,1,0,0,0,0,0,0,0,1,0,0
0.15047021943573669,0.07142857142857142,0.02559439813039916,0.21359223300970873,1,0,0,0,0,0,0,0,1,0,0,1
0.5736677115987461,0.0,0.019505932695568665,0.17475728155339804,0,0,0,0,0,0,0,1,0,1,0,1
0.04075235109717868,0.3571428571428571,0.11236721661518598,0.36407766990291257,0,0,0,0,0,1,0,0,0,1,0,0
0.0,0.5714285714285714,0.13332037206612413,0.2669902912621359,1,0,0,0,0,0,0,0,0,1,0,0
0.24137931034482757,0.07142857142857142,0.0031365166921194947,0.014563106796116502,0,0,1,0,0,0,0,0,0,1,0,1
0.0,0.5714285714285714,0.27126637381296775,0.3689320388349514,0,0,0,0,1,0,0,0,0,1,0,0
0.0219435736677116,0.9285714285714286,0.27720730570314267,0.2621359223300971,0,0,0,0,0,0,1,0,0,0,1,0
0.0,0.7857142857142857,0.09000206059056307,0.1116504854368932,1,0,0,0,0,0,0,0,1,0,0,0
0.2476489028213166,0.07142857142857142,0.08521156507789457,0.7815533980582524,0,1,0,0,0,0,0,0,0,1,0,1
0.003134796238244514,0.5714285714285714,0.023121364183906347,0.05825242718446602,0,0,0,1,0,0,0,0,0,0,1,0
0.0219435736677116,0.7142857142857143,0.20567895413539894,0.2378640776699029,1,0,0,0,0,0,0,0,0,0,1,0
0.3166144200626959,0.14285714285714285,0.10772801849508395,0.3883495145631068,0,0,0,1,0,0,0,0,0,1,0,1
0.39184952978056425,0.07142857142857142,0.011509568107978013,0.11650485436893204,1,0,0,0,0,0,0,0,1,0,0,1
0.01567398119122257,0.6428571428571428,0.21115521344398147,0.36407766990291257,0,0,0,0,0,1,0,0,0,0,1,0
0.04075235109717868,0.2857142857142857,0.1010943759539002,0.3543689320388349,0,0,0,0,1,0,0,0,0,1,0,0
0.31974921630094044,0.07142857142857142,0.03250486936206658,0.2815533980582524,0,0,0,0,1,0,0,0,1,0,0,1
0.0,0.8571428571428571,0.2512404027977099,0.38349514563106796,0,0,0,0,1,0,0,0,0,0,1,0
0.2727272727272727,0.0,0.0023566334648039214,0.11650485436893204,0,0,0,0,0,1,0,0,0,0,1,1
0.03134796238244514,0.14285714285714285,0.08001020606858208,0.2815533980582524,0,0,0,0,1,0,0,0,0,1,0,0
0.10344827586206896,0.4285714285714286,0.20444113607892409,0.36407766990291257,0,0,0,1,0,0,0,0,1,0,0,1
0.4106583072100313,0.14285714285714285,0.033074325610808045,0.13592233009708737,0,0,0,0,0,0,1,0,0,1,0,1
0.028213166144200625,0.6428571428571428,0.20455481822601065,0.24271844660194175,0,0,0,1,0,0,0,0,0,1,0,0
0.5423197492163009,0.14285714285714285,0.022748487670807543,0.12135922330097088,0,0,1,0,0,0,0,0,0,0,1,1
0.15047021943573669,0.5,0.4172433814883597,0.674757281553398,0,0,0,0,0,0,0,1,1,0,0,1
0.0219435736677116,0.7857142857142857,0.647186399386688,0.6407766990291262,0,0,0,0,0,1,0,0,1,0,0,0
0.034482758620689655,0.2857142857142857,0.031923192224429235,0.1262135922330097,0,0,0,0,1,0,0,0,0,0,1,0
0.0,0.4285714285714286,0.1386295815816242,0.20388349514563106,1,0,0,0,0,0,0,0,0,0,1,0
0.04702194357366771,0.8571428571428571,0.47171783110633964,0.616504854368932,0,1,0,0,0,0,0,0,0,0,1,0
0.2946708463949843,0.07142857142857142,0.0112504666764821,0.04368932038834951,0,0,0,0,0,0,0,1,0,0,1,1
0.08150470219435736,0.21428571428571427,0.04558317210550047,0.21359223300970873,1,0,0,0,0,0,0,0,0,0,1,0
0.009404388714733543,1.0,0.6924560104341299,0.7475728155339805,0,0,0,0,0,0,0,1,0,1,0,0
0.27586206896551724,0.07142857142857142,0.016328222779091007,0.1844660194174757,1,0,0,0,0,0,0,0,0,1,0,1
0.009404388714733543,0.5,0.03690606218587698,0.04854368932038834,0,0,0,0,1,0,0,0,0,0,1,0
0.03134796238244514,0.8571428571428571,0.1748215117104809,0.21844660194174756,0,0,1,0,0,0,0,0,0,1,0,0
0.4294670846394984,0.14285714285714285,0.07915688133974584,0.3203883495145631,0,0,0,0,0,0,1,0,0,1,0,1
0.2006269592476489,0.07142857142857142,0.004331677805604179,0.029126213592233007,0,0,0,0,0,0,1,0,0,0,1,1
0.5047021943573667,0.14285714285714285,0.0216362706131371,0.11650485436893204,0,1,0,0,0,0,0,0,1,0,0,1
0.003134796238244514,1.0,0.21599817049111175,0.1941747572815534,0,0,0,0,1,0,0,0,1,0,0,0
0.0,0.2857142857142857,0.09814804974942647,0.3495145631067961,0,0,0,0,0,0,0,1,0,0,1,0
0.24137931034482757,0.4285714285714286,0.06934457630329216,0.15048543689320387,0,0,0,0,1,0,0,0,0,1,0,1
0.2695924764890282,0.0,0.0027053702372890035,0.12135922330097088,0,1,0,0,0,0,0,0,0,1,0,1
0.15987460815047022,0.2857142857142857,0.0805280836607668,0.18932038834951456,0,0,0,0,0,1,0,0,0,1,0,1
0.05329153605015674,0.3571428571428571,0.1750585179607221,0.5242718446601942,0,0,0,0,0,0,0,1,1,0,0,0
0.03761755485893417,0.8571428571428571,0.4294855756221054,0.42718446601941745,0,0,0,0,0,1,0,0,1,0,0,0
0.27586206896551724,0.14285714285714285,0.06896122142347845,0.47087378640776695,0,1,0,0,0,0,0,0,0,1,0,1
0.12539184952978055,0.5714285714285714,0.09674023122897603,0.17961165048543687,0,0,0,1,0,0,0,0,1,0,0,1
0.0,0.8571428571428571,0.3924143223334723,0.39805825242718446,0,0,0,0,1,0,0,0,1,0,0,0
0.012539184952978056,0.6428571428571428,0.12392104478656066,0.1699029126213592,0,0,0,0,1,0,0,0,1,0,0,0
0.21630094043887146,0.0,0.012954142229632407,0.14563106796116504,0,0,0,0,1,0,0,0,1,0,0,1
0.14106583072100312,0.14285714285714285,0.07362895044009023,0.616504854368932,0,0,0,1,0,0,0,0,0,1,0,1
0.4012539184952978,0.2857142857142857,0.08705134323019328,0.24757281553398058,0,0,0,0,1,0,0,0,0,1,0,1
0.15047021943573669,0.14285714285714285,0.004631600723392981,0.014563106796116502,0,0,0,0,1,0,0,0,0,1,0,1
0.48589341692789967,0.0,0.002810432707987041,0.08737864077669902,1,0,0,0,0,0,0,0,0,0,1,1
0.006269592476489028,0.5714285714285714,0.1836226659757605,0.3106796116504854,1,0,0,0,0,0,0,0,0,1,0,0
0.03134796238244514,0.9285714285714286,0.17210320034179458,0.1844660194174757,0,0,0,0,0,1,0,0,1,0,0,0
0.5454545454545454,0.07142857142857142,0.016577240815566364,0.09223300970873786,0,0,0,0,0,0,0,1,0,1,0,1
0.19435736677115986,0.0,0.0009621510474451849,0.0048543689320388345,1,0,0,0,0,0,0,0,1,0,0,1
0.329153605015674,0.4285714285714286,0.12774509103040424,0.23300970873786406,1,0,0,0,0,0,0,0,0,0,1,1
0.003134796238244514,0.6428571428571428,0.13234455964478012,0.1553398058252427,0,0,0,1,0,0,0,0,1,0,0,0
0.47648902821316613,0.14285714285714285,0.0734888981239983,0.4174757281553398,0,0,1,0,0,0,0,0,0,0,1,1
0.20689655172413793,0.7857142857142857,0.1838651321288354,0.21359223300970873,0,0,0,0,1,0,0,0,0,0,1,1
0.003134796238244514,1.0,0.5557584909795087,0.5970873786407767,0,0,0,0,0,1,0,0,0,1,0,0
0.45141065830721,0.07142857142857142,0.022898135475709368,0.10679611650485436,0,0,0,1,0,0,0,0,0,1,0,1
0.10658307210031348,0.5714285714285714,0.06581294851504466,0.1116504854368932,0,0,0,0,0,1,0,0,1,0,0,1
0.04075235109717868,0.8571428571428571,0.5713535998266214,0.6213592233009708,0,0,1,0,0,0,0,0,0,1,0,0
0.012539184952978056,0.3571428571428571,0.07559981272765616,0.2524271844660194,0,1,0,0,0,0,0,0,1,0,0,0
0.0,0.3571428571428571,0.008334111853521077,0.014563106796116502,0,0,0,0,0,0,1,0,0,0,1,0
0.10344827586206896,0.5,0.08738037788521885,0.1844660194174757,0,0,1,0,0,0,0,0,0,1,0,1
0.03761755485893417,0.7857142857142857,0.2116280642630099,0.30097087378640774,0,1,0,0,0,0,0,0,1,0,0,0
0.0438871473354232,1.0,0.563823650342804,0.5388349514563107,0,0,0,0,0,0,0,1,1,0,0,0
0.18495297805642633,0.07142857142857142,0.016560744938919833,0.14563106796116504,0,1,0,0,0,0,0,0,0,1,0,1
0.018808777429467086,0.9285714285714286,0.15886386531520985,0.1699029126213592,1,0,0,0,0,0,0,0,0,1,0,0
0.06896551724137931,0.7142857142857143,0.14177411387577615,0.1553398058252427,1,0,0,0,0,0,0,0,1,0,0,0
0.025078369905956112,0.6428571428571428,0.055148155160401606,0.08252427184466019,0,0,0,0,0,1,0,0,1,0,0,0
0.23510971786833854,0.14285714285714285,0.03259759477572334,0.1699029126213592,1,0,0,0,0,0,0,0,0,0,1,1
0.14420062695924765,0.14285714285714285,0.03784409672633752,0.1941747572815534,1,0,0,0,0,0,0,0,1,0,0,1
0.1536050156739812,0.07142857142857142,0.0029858001402800058,0.009708737864077669,0,0,1,0,0,0,0,0,0,0,1,1
0.003134796238244514,0.6428571428571428,0.1015012200327134,0.1941747572815534,0,1,0,0,0,0,0,0,1,0,0,0
0.0,1.0,0.06827643343998575,0.05825242718446602,0,0,0,0,0,0,1,0,1,0,0,0
0.05329153605015674,0.7857142857142857,0.6786656201930347,0.8786407766990291,0,0,0,0,0,0,0,1,0,1,0,0
0.03134796238244514,1.0,0.41850361999689645,0.4514563106796116,0,0,0,0,0,0,0,1,1,0,0,0
0.4106583072100313,0.07142857142857142,0.025441520851055267,0.1553398058252427,0,0,0,1,0,0,0,0,0,1,0,1
0.2445141065830721,0.07142857142857142,0.0297358622147285,0.44174757281553395,0,1,0,0,0,0,0,0,0,0,1,1
0.09717868338557993,0.2857142857142857,0.1761605354552266,0.4368932038834951,0,0,0,0,0,0,1,0,1,0,0,1
0.2664576802507837,0.4285714285714286,0.29053467295031005,0.6504854368932038,0,0,0,1,0,0,0,0,0,1,0,1
0.4952978056426332,0.07142857142857142,0.024459156546310815,0.12135922330097088,0,0,0,0,1,0,0,0,1,0,0,1
0.07210031347962383,0.14285714285714285,0.02767492314722089,0.13106796116504854,0,0,1,0,0,0,0,0,0,1,0,0
0.26332288401253917,0.07142857142857142,0.03868510763176157,0.30097087378640774,0,0,1,0,0,0,0,0,0,0,1,1
0.17241379310344826,0.14285714285714285,0.0191816841681335,0.10679611650485436,0,0,0,0,0,0,1,0,0,0,1,1
0.012539184952978056,0.4285714285714286,0.12180834119346366,0.24757281553398058,0,0,0,0,1,0,0,0,1,0,0,0
0.025078369905956112,0.9285714285714286,0.163052842171007,0.18932038834951456,0,0,0,0,0,0,1,0,0,1,0,0
0.21630094043887146,0.14285714285714285,0.01996251997424134,0.06796116504854369,0,0,0,0,1,0,0,0,1,0,0,1
0.2445141065830721,0.2857142857142857,0.10932268186059269,0.33009708737864074,0,0,1,0,0,0,0,0,0,0,1,1
0.018808777429467086,0.5,0.11624769734406394,0.2087378640776699,0,0,0,1,0,0,0,0,0,0,1,0
0.025078369905956112,0.7857142857142857,0.12028440099487328,0.19902912621359223,0,0,0,0,0,0,1,0,1,0,0,0
0.03134796238244514,0.5714285714285714,0.17148820618005706,0.25728155339805825,0,0,0,0,0,1,0,0,0,0,1,0
0.18808777429467083,0.14285714285714285,0.06132214358387418,0.4466019417475728,0,0,0,0,0,1,0,0,0,1,0,1
0.03134796238244514,0.4285714285714286,0.10050052439462513,0.16019417475728154,1,0,0,0,0,0,0,0,0,0,1,0
0.6802507836990596,0.0,0.0016751446566405349,0.009708737864077669,1,0,0,0,0,0,0,0,1,0,0,1
0.012539184952978056,0.14285714285714285,0.018094791766159843,0.16019417475728154,0,1,0,0,0,0,0,0,0,0,1,0
0.335423197492163,0.07142857142857142,0.012948891429460414,0.07766990291262135,0,0,0,0,0,0,0,1,0,0,1,1
0.1128526645768025,0.07142857142857142,0.0009464915814455217,0.0,0,1,0,0,0,0,0,0,1,0,0,1
0.26018808777429464,0.07142857142857142,0.004070810618298216,0.019417475728155338,0,0,0,0,1,0,0,0,1,0,0,1
0.1347962382445141,0.9285714285714286,0.16828582214949683,0.1941747572815534,0,1,0,0,0,0,0,0,0,0,1,1
0.06896551724137931,0.5,0.08396489500874037,0.1941747572815534,0,0,0,0,0,0,0,1,0,0,1,0
0.0,0.8571428571428571,0.25196907910653404,0.30097087378640774,0,0,0,0,1,0,0,0,0,1,0,0
0.664576802507837,0.14285714285714285,0.028147936601652854,0.09223300970873786,0,0,0,0,0,0,0,1,0,0,1,1
0.1755485893416928,0.2857142857142857,0.10461856898084222,0.3058252427184466,0,0,0,0,0,0,0,1,0,1,0,1
0.6457680250783698,0.0,0.003674863111523348,0.04368932038834951,0,0,0,0,1,0,0,0,1,0,0,1
0.006269592476489028,0.4285714285714286,0.24729280011442098,0.7378640776699028,0,0,0,0,0,0,0,1,1,0,0,0
0.4075235109717868,0.0,0.007882403636955122,0.17961165048543687,0,0,0,0,0,0,0,1,0,0,1,1
0.16300940438871472,0.0,0.0007053265115990756,0.0,0,1,0,0,0,0,0,0,0,1,0,1
0.003134796238244514,0.5714285714285714,0.10350024147872383,0.13106796116504854,1,0,0,0,0,0,0,0,0,0,1,0
0.19122257053291536,0.6428571428571428,0.22571926029979886,0.3495145631067961,0,0,1,0,0,0,0,0,0,0,1,1
0.1536050156739812,0.14285714285714285,0.0361326843747037,0.16019417475728154,0,1,0,0,0,0,0,0,0,0,1,1
0.3166144200626959,0.2857142857142857,0.008963139127222682,0.024271844660194174,0,0,1,0,0,0,0,0,0,1,0,1
0.2946708463949843,0.07142857142857142,0.026118874073242482,0.13592233009708737,0,0,0,0,1,0,0,0,0,1,0,1
0.13793103448275862,0.3571428571428571,0.09583458436745247,0.21359223300970873,0,0,0,0,0,0,0,1,0,0,1,1
0.14733542319749215,0.7142857142857143,0.5195361015629285,0.6504854368932038,0,0,0,0,1,0,0,0,0,0,1,1
0.01567398119122257,0.21428571428571427,0.09147181996613976,0.3106796116504854,0,0,0,0,0,0,0,1,1,0,0,0
0.0438871473354232,0.21428571428571427,0.0527821585430786,0.2621359223300971,0,0,0,0,1,0,0,0,1,0,0,0
0.0,0.3571428571428571,0.2827017801769236,0.8398058252427184,1,0,0,0,0,0,0,0,0,1,0,0
0.006269592476489028,0.7142857142857143,0.03494969768285673,0.04854368932038834,0,0,0,0,0,1,0,0,0,1,0,0
0.025078369905956112,0.6428571428571428,0.08764361490269093,0.13106796116504854,1,0,0,0,0,0,0,0,0,0,1,0
0.009404388714733543,0.2857142857142857,0.018614388646896445,0.05339805825242719,0,1,0,0,0,0,0,0,1,0,0,0
0.06583072100313479,0.21428571428571427,0.01816565433485268,0.06310679611650485,1,0,0,0,0,0,0,0,1,0,0,0
0.36363636363636365,0.0,0.024611615620331276,0.4805825242718446,0,0,0,0,1,0,0,0,0,0,1,1
0.06269592476489028,0.14285714285714285,0.008561615549468706,0.07281553398058252,0,0,0,0,1,0,0,0,0,1,0,0
0.09404388714733541,0.7857142857142857,0.14805332740535032,0.17961165048543687,1,0,0,0,0,0,0,0,1,0,0,0
0.1536050156739812,0.14285714285714285,0.08566434204139818,0.3543689320388349,0,0,1,0,0,0,0,0,1,0,0,1
0.11598746081504702,0.0,0.00040105890517238435,0.0,0,0,0,0,0,0,1,0,0,1,0,1
0.06583072100313479,0.8571428571428571,0.1237157989072713,0.1116504854368932,1,0,0,0,0,0,0,0,0,1,0,0
0.018808777429467086,0.8571428571428571,0.28281562495941376,0.3349514563106796,0,0,0,1,0,0,0,0,1,0,0,0
0.0219435736677116,0.7857142857142857,0.04066247533546979,0.04368932038834951,0,0,0,1,0,0,0,0,1,0,0,0
0.14106583072100312,0.14285714285714285,0.011921082146236226,0.04854368932038834,0,0,0,0,0,0,1,0,0,0,1,1
0.003134796238244514,0.7142857142857143,0.17577917866751375,0.21844660194174756,0,0,1,0,0,0,0,0,1,0,0,0
0.30407523510971785,0.07142857142857142,0.009059279884354147,0.07281553398058252,0,0,1,0,0,0,0,0,0,0,1,1
0.42006269592476486,0.07142857142857142,0.03484170777489466,0.37864077669902907,0,1,0,0,0,0,0,0,0,1,0,1
0.2225705329153605,0.0,0.012117708349137042,0.2087378640776699,0,0,0,0,0,0,1,0,0,1,0,1
0.0,0.9285714285714286,0.08326649211860702,0.08252427184466019,1,0,0,0,0,0,0,0,1,0,0,0
0.04075235109717868,0.8571428571428571,0.13325520173655578,0.15048543689320387,0,0,1,0,0,0,0,0,0,0,1,0
0.14733542319749215,0.0,0.036169370275020415,0.35922330097087374,0,0,0,0,1,0,0,0,1,0,0,1
0.006269592476489028,0.7857142857142857,0.37233029047914457,0.4805825242718446,1,0,0,0,0,0,0,0,0,1,0,0
0.14733542319749215,0.14285714285714285,0.02226441500893368,0.13592233009708737,0,0,0,0,0,1,0,0,0,0,1,1
0.3166144200626959,0.14285714285714285,0.11438229249889041,0.4223300970873786,0,0,0,0,0,0,0,1,0,1,0,1
0.24137931034482757,0.0,0.0008336226113767321,0.0,1,0,0,0,0,0,0,0,1,0,0,1
0.003134796238244514,0.8571428571428571,0.25916088635272655,0.2766990291262136,0,0,0,0,1,0,0,0,0,0,1,0
0.012539184952978056,0.7142857142857143,0.034415370681283655,0.06310679611650485,0,0,0,0,0,1,0,0,0,1,0,0
0.0219435736677116,0.3571428571428571,0.03605877820060143,0.10679611650485436,1,0,0,0,0,0,0,0,1,0,0,0
0.03134796238244514,0.8571428571428571,0.3070413300007325,0.38349514563106796,1,0,0,0,0,0,0,0,1,0,0,0
0.19435736677115986,0.0,0.02671681475123556,0.5533980582524272,0,0,0,1,0,0,0,0,0,1,0,1
0.43260188087774293,0.14285714285714285,0.01448614449751341,0.05339805825242719,0,0,0,0,0,1,0,0,0,0,1,1
0.225705329153605,0.14285714285714285,0.004975806938207538,0.04854368932038834,0,1,0,0,0,0,0,0,0,1,0,1
0.018808777429467086,0.7857142857142857,0.11623858976146474,0.14563106796116504,0,0,0,0,0,0,0,1,0,0,1,0
0.0,0.6428571428571428,0.03748304613044024,0.05825242718446602,0,0,0,0,0,1,0,0,0,1,0,0
0.0219435736677116,0.5,0.15595180871362854,0.2766990291262136,1,0,0,0,0,0,0,0,1,0,0,0
0.7460815047021944,0.07142857142857142,0.007701878339006482,0.04368932038834951,0,1,0,0,0,0,0,0,1,0,0,1
0.028213166144200625,0.8571428571428571,0.150412516569353,0.13106796116504854,0,0,1,0,0,0,0,0,0,0,1,0
0.006269592476489028,0.5714285714285714,0.06592365675760904,0.10679611650485436,0,0,0,0,0,0,1,0,0,0,1,0
0.012539184952978056,0.3571428571428571,0.12070019002088214,0.5728155339805825,0,1,0,0,0,0,0,0,0,0,1,0
0.0,0.7142857142857143,0.14372871262298634,0.20388349514563106,0,0,1,0,0,0,0,0,0,0,1,0
0.3103448275862069,0.07142857142857142,0.00643645873118503,0.029126213592233007,0,0,1,0,0,0,0,0,1,0,0,1
0.554858934169279,0.0,0.012633494914704585,0.3543689320388349,0,0,0,0,0,0,1,0,1,0,0,1
0.06269592476489028,0.3571428571428571,0.07542249367052051,0.1699029126213592,0,0,0,0,0,1,0,0,0,0,1,0
0.003134796238244514,0.8571428571428571,0.0721051961105325,0.05825242718446602,0,0,1,0,0,0,0,0,0,1,0,0
0.0877742946708464,0.21428571428571427,0.12174681854366083,0.7233009708737863,0,0,0,1,0,0,0,0,0,1,0,0
0.14420062695924765,0.14285714285714285,0.15048547016466302,0.5242718446601942,0,0,0,0,0,0,0,1,0,0,1,1
0.03761755485893417,0.4285714285714286,0.09660821774854562,0.2233009708737864,0,0,0,0,0,1,0,0,1,0,0,0
0.27586206896551724,0.21428571428571427,0.06320481101545386,0.2912621359223301,0,0,0,0,1,0,0,0,0,0,1,1
0.12539184952978055,0.5,0.14085705930237452,0.2669902912621359,0,0,0,0,0,1,0,0,1,0,0,1
0.04702194357366771,0.5,0.09041403930140286,0.1941747572815534,0,0,0,1,0,0,0,0,0,0,1,0
0.30407523510971785,0.21428571428571427,0.08324191093904078,0.3349514563106796,0,0,1,0,0,0,0,0,1,0,0,1
0.13166144200626959,0.0,0.0007698230659240982,0.0,0,0,0,0,0,1,0,0,0,0,1,1
0.07836990595611285,0.7857142857142857,0.38045388241957523,0.6407766990291262,0,0,0,0,0,1,0,0,0,1,0,0
0.034482758620689655,0.4285714285714286,0.11126101706744715,0.2233009708737864,0,0,0,0,0,0,0,1,0,0,1,0
0.028213166144200625,0.3571428571428571,0.005520519371979207,0.014563106796116502,0,0,0,0,0,0,1,0,0,0,1,0
0.006269592476489028,0.9285714285714286,0.1439598407650704,0.14563106796116504,0,0,0,0,0,1,0,0,0,1,0,0
0.6802507836990596,0.0,0.031045146914252274,0.27184466019417475,0,1,0,0,0,0,0,0,0,1,0,1
0.05956112852664577,0.5,0.2621899707439819,0.5970873786407767,0,0,0,1,0,0,0,0,0,1,0,0
0.1755485893416928,0.07142857142857142,0.02350794853816213,0.22815533980582522,0,0,0,1,0,0,0,0,1,0,0,1
0.009404388714733543,0.5714285714285714,0.29224545799395873,0.4514563106796116,0,0,0,0,0,0,1,0,0,0,1,0
0.18808777429467083,0.0,0.00434138946255946,0.15048543689320387,0,0,0,1,0,0,0,0,1,0,0,1
0.009404388714733543,0.6428571428571428,0.11283170332774571,0.22815533980582522,0,0,1,0,0,0,0,0,0,0,1,0
0.5987460815047022,0.0,0.0017943331738189806,0.024271844660194174,0,0,0,0,0,0,1,0,0,0,1,1
0.03761755485893417,0.5,0.024707988713753536,0.03398058252427184,0,0,0,0,0,0,0,1,0,0,1,0
0.04702194357366771,0.5714285714285714,0.0694574917406191,0.09223300970873786,0,0,0,0,1,0,0,0,0,1,0,0
0.006269592476489028,1.0,0.2880786692539326,0.22815533980582522,0,1,0,0,0,0,0,0,0,0,1,0
0.003134796238244514,1.0,0.1986715057359532,0.2233009708737864,0,0,0,1,0,0,0,0,0,0,1,0
0.03761755485893417,0.21428571428571427,0.003888542798168605,0.0048543689320388345,0,0,1,0,0,0,0,0,0,0,1,0
0.009404388714733543,0.6428571428571428,0.14672215662723356,0.22815533980582522,0,0,1,0,0,0,0,0,0,0,1,0
0.1536050156739812,0.07142857142857142,0.019154361420335872,0.13592233009708737,0,0,0,0,0,0,0,1,0,0,1,1
0.2037617554858934,0.7142857142857143,0.19827653404159967,0.4174757281553398,0,0,0,1,0,0,0,0,0,0,1,1
0.012539184952978056,0.6428571428571428,0.05850378820837099,0.12135922330097088,0,1,0,0,0,0,0,0,0,0,1,0
0.17241379310344826,0.14285714285714285,0.020349034627609883,0.08737864077669902,0,0,0,1,0,0,0,0,0,0,1,1
0.03761755485893417,0.3571428571428571,0.2400703941787306,0.5242718446601942,0,0,0,0,0,0,1,0,0,1,0,0
0.24137931034482757,0.21428571428571427,0.16299041340967005,0.5679611650485437,0,0,0,0,1,0,0,0,0,1,0,1
0.4075235109717868,0.0,0.0006203378964258291,0.009708737864077669,0,0,0,0,0,0,0,1,0,0,1,1
0.018808777429467086,1.0,0.4182590395835753,0.4660194174757281,0,0,1,0,0,0,0,0,0,0,1,0
0.003134796238244514,0.5714285714285714,0.035147927006164044,0.04854368932038834,0,1,0,0,0,0,0,0,0,1,0,0
0.09404388714733541,1.0,0.3845706491561929,0.4174757281553398,0,0,0,1,0,0,0,0,0,1,0,0
0.6990595611285266,0.07142857142857142,0.013826286198023148,0.12135922330097088,1,0,0,0,0,0,0,0,0,1,0,1
0.07836990595611285,0.2857142857142857,0.03531651021876576,0.17475728155339804,0,1,0,0,0,0,0,0,0,0,1,0
0.07523510971786834,0.2857142857142857,0.04609747171880692,0.1116504854368932,0,0,0,0,0,1,0,0,0,0,1,0
0.1128526645768025,0.2857142857142857,0.1440031482496748,0.3398058252427184,0,0,0,1,0,0,0,0,0,1,0,1
0.16614420062695925,0.0,0.024577090447518962,0.2815533980582524,0,1,0,0,0,0,0,0,0,0,1,1
0.06583072100313479,0.5714285714285714,0.15084059618514498,0.2087378640776699,0,0,1,0,0,0,0,0,0,0,1,0
0.01567398119122257,1.0,0.10159856893855701,0.08252427184466019,0,0,0,0,1,0,0,0,0,1,0,0
0.3605015673981191,0.14285714285714285,0.057905824296748835,0.21359223300970873,0,0,1,0,0,0,0,0,0,1,0,1
0.4231974921630094,0.14285714285714285,0.021944023263925732,0.0970873786407767,0,0,1,0,0,0,0,0,0,1,0,1
0.025078369905956112,0.3571428571428571,0.02372938825691998,0.05339805825242719,0,0,0,0,0,0,0,1,0,1,0,0
0.05329153605015674,0.6428571428571428,0.24225793329109305,0.4077669902912621,0,0,0,0,0,1,0,0,1,0,0,0
0.25391849529780564,0.14285714285714285,0.02065432451371608,0.2233009708737864,0,0,0,0,0,0,0,1,1,0,0,1
0.45768025078369906,0.14285714285714285,0.07889173916468922,0.4368932038834951,1,0,0,0,0,0,0,0,0,1,0,1
0.1567398119122257,0.7142857142857143,0.5557619527902415,0.8689320388349514,0,0,1,0,0,0,0,0,0,0,1,1
0.2664576802507837,0.2857142857142857,0.11551518748644171,0.4611650485436893,0,0,0,0,0,1,0,0,1,0,0,1
0.19435736677115986,0.0,0.003571124957682849,0.05339805825242719,0,0,0,0,0,0,1,0,1,0,0,1
0.2507836990595611,0.7857142857142857,0.3605389216840598,0.44174757281553395,0,1,0,0,0,0,0,0,0,0,1,1
0.13793103448275862,0.14285714285714285,0.08737164204068491,0.49514563106796117,0,0,1,0,0,0,0,0,0,0,1,1
0.6206896551724138,0.21428571428571427,0.04463881801793027,0.2669902912621359,0,0,0,1,0,0,0,0,0,0,1,1
0.003134796238244514,0.7142857142857143,0.017408632998551454,0.019417475728155338,0,0,0,0,1,0,0,0,1,0,0,0
0.006269592476489028,0.8571428571428571,0.1664058498188904,0.23300970873786406,0,0,1,0,0,0,0,0,1,0,0,0
0.12539184952978055,0.4285714285714286,0.03655902146831471,0.06310679611650485,0,0,0,1,0,0,0,0,0,0,1,1
0.23197492163009403,0.07142857142857142,0.026909630638967317,0.22815533980582522,0,0,0,0,0,0,0,1,0,0,1,1
0.012539184952978056,0.8571428571428571,0.11713986870072132,0.17475728155339804,0,0,0,0,1,0,0,0,0,0,1,0
0.16614420062695925,0.0,0.018701073316992504,0.3058252427184466,0,0,0,0,0,1,0,0,0,0,1,1
0.335423197492163,0.14285714285714285,0.053527702466614493,0.3252427184466019,0,0,0,0,0,0,0,1,1,0,0,1
0.07836990595611285,0.6428571428571428,0.06139584065531473,0.11650485436893204,1,0,0,0,0,0,0,0,0,1,0,0
0.23510971786833854,0.07142857142857142,0.001678304430195363,0.0,1,0,0,0,0,0,0,0,0,0,1,1
0.1128526645768025,0.5,0.44146032745151553,0.8932038834951456,0,0,0,0,0,1,0,0,0,1,0,1
0.06896551724137931,0.6428571428571428,0.052168790735376655,0.06796116504854369,0,1,0,0,0,0,0,0,0,1,0,0
0.2006269592476489,0.14285714285714285,0.01367977493304707,0.06796116504854369,0,0,0,1,0,0,0,0,0,0,1,1
0.06583072100313479,0.14285714285714285,0.06440905647790868,0.42718446601941745,0,0,1,0,0,0,0,0,0,0,1,0
0.3573667711598746,0.07142857142857142,0.010769693189937543,0.06310679611650485,0,0,1,0,0,0,0,0,0,1,0,1
0.3730407523510972,0.07142857142857142,0.007859100306988264,0.029126213592233007,0,0,0,1,0,0,0,0,0,1,0,1
0.12852664576802508,0.5714285714285714,0.28131333850312557,0.42718446601941745,0,0,1,0,0,0,0,0,1,0,0,1
0.05329153605015674,0.9285714285714286,0.48270429405559,0.4660194174757281,0,1,0,0,0,0,0,0,0,0,1,0
0.04075235109717868,0.6428571428571428,0.39988820907032047,0.6650485436893203,0,0,1,0,0,0,0,0,0,0,1,0
0.0219435736677116,0.7142857142857143,0.047606031254946585,0.05339805825242719,0,1,0,0,0,0,0,0,1,0,0,0
0.028213166144200625,0.6428571428571428,0.23035601888884752,0.34466019417475724,0,0,0,0,0,1,0,0,0,1,0,0
0.2225705329153605,0.07142857142857142,0.0014021495149550108,0.0,0,0,0,1,0,0,0,0,0,0,1,1
0.25391849529780564,0.07142857142857142,0.0284513445638036,0.3106796116504854,0,1,0,0,0,0,0,0,0,0,1,1
0.03761755485893417,0.14285714285714285,0.029029211386271885,0.1699029126213592,0,0,0,0,0,0,1,0,0,1,0,0
0.36990595611285265,0.14285714285714285,0.0706266544231637,0.34466019417475724,0,0,0,0,0,0,0,1,0,1,0,1
0.3166144200626959,0.14285714285714285,0.06868399776130044,0.35922330097087374,0,0,1,0,0,0,0,0,0,1,0,1
0.0,1.0,0.06336647060658986,0.04854368932038834,0,0,0,0,0,0,0,1,0,0,1,0
0.14420062695924765,0.07142857142857142,0.061606964642761226,0.3058252427184466,0,0,0,1,0,0,0,0,0,1,0,1
0.47021943573667707,0.07142857142857142,0.011556128300653569,0.0970873786407767,0,0,0,0,0,1,0,0,0,1,0,1
0.028213166144200625,1.0,0.18682254077438012,0.18932038834951456,0,0,0,0,0,0,0,1,1,0,0,0
0.0877742946708464,0.21428571428571427,0.10851473240934893,0.4029126213592233,0,0,0,0,0,0,1,0,1,0,0,0
0.29780564263322884,0.0,0.001380054333700293,0.014563106796116502,0,0,0,0,0,0,0,1,0,1,0,1
0.025078369905956112,0.7857142857142857,0.09645996396138858,0.13106796116504854,0,0,1,0,0,0,0,0,0,0,1,0
0.3510971786833856,0.21428571428571427,0.11391522685350283,0.45631067961165045,0,0,0,1,0,0,0,0,0,1,0,1
0.1755485893416928,0.07142857142857142,0.015451292683109866,0.10679611650485436,0,0,1,0,0,0,0,0,1,0,0,1
0.0,0.3571428571428571,0.15700991464917255,0.37378640776699024,0,0,0,1,0,0,0,0,0,1,0,0
0.13793103448275862,0.6428571428571428,0.04770942090435089,0.08737864077669902,0,0,0,0,1,0,0,0,0,0,1,1
0.21316614420062696,0.14285714285714285,0.009832913265447302,0.06310679611650485,0,0,0,1,0,0,0,0,0,0,1,1
0.43260188087774293,0.0,0.0032674149583540686,0.07281553398058252,1,0,0,0,0,0,0,0,0,0,1,1
0.10344827586206896,0.07142857142857142,0.0009304603773805845,0.0,0,0,0,0,1,0,0,0,1,0,0,1
0.15047021943573669,0.14285714285714285,0.04222904924342127,0.1699029126213592,0,0,1,0,0,0,0,0,0,1,0,1
0.5203761755485893,0.14285714285714285,0.0351250651151497,0.16504854368932037,0,0,0,0,1,0,0,0,0,0,1,1
0.21003134796238243,0.14285714285714285,0.032994239291370596,0.1407766990291262,0,0,1,0,0,0,0,0,0,1,0,1
0.03761755485893417,0.5714285714285714,0.11636479483462522,0.16504854368932037,0,0,0,0,1,0,0,0,1,0,0,0
0.012539184952978056,0.8571428571428571,0.19530144460432539,0.18932038834951456,1,0,0,0,0,0,0,0,1,0,0,0
